record_type,analysis,replicate,metric,estimate,ci95_low,ci95_high,units,n_physical_particles,seed,repetitions,notes
summary,test_target_mean,,mean,4.876488792165925,4.838458776473999,4.9149393200874325,angstrom,9875,20260717,5000,Transductive test-target population-centre diagnostic
summary,test_target_mean,,median,4.628443241119385,4.580565452575684,4.6765875816345215,angstrom,9875,20260717,5000,Transductive test-target population-centre diagnostic
summary,test_target_mean,,p95,8.336920356750486,8.230652809143066,8.470244407653809,angstrom,9875,20260717,5000,Transductive test-target population-centre diagnostic
summary,training_target_mean,,mean,4.876364493677888,4.838344371318817,4.914726436138153,angstrom,9875,20260717,5000,Held-out predictive baseline fixed from training targets
summary,training_target_mean,,median,4.629314422607422,4.582632541656494,4.676458358764648,angstrom,9875,20260717,5000,Held-out predictive baseline fixed from training targets
summary,training_target_mean,,p95,8.337563419342041,8.22590446472168,8.472211837768555,angstrom,9875,20260717,5000,Held-out predictive baseline fixed from training targets
summary,raw_direct_model,,mean,4.308765648491775,4.275812876224518,4.342331206798553,angstrom,9875,20260717,5000,Retained raw-particle direct 512D model
summary,raw_direct_model,,median,4.048515796661377,4.013321876525879,4.085949897766113,angstrom,9875,20260717,5000,Retained raw-particle direct 512D model
summary,raw_direct_model,,p95,7.424122762680052,7.34484338760376,7.540897369384766,angstrom,9875,20260717,5000,Retained raw-particle direct 512D model
summary,raw_direct_model_vs_training_target_mean,,fraction_model_rmsd_lower,0.669367088607595,0.6601518987341772,0.6784810126582278,fraction,9875,20260717,5000,Paired physical-particle comparison; strict model RMSD < training-mean RMSD.
summary,raw_direct_model_vs_training_target_mean,,mean_rmsd_gain_training_mean_minus_model,0.567598819732666,0.5427823573350906,0.5930296227335929,angstrom,9875,20260717,5000,Positive values favour the retained raw-direct model.
summary,random_target_derangement_distribution,,mean,6.917631334286884,,,angstrom,9875,20260718,1000,Distribution of mean RMSD across uniform random permutations accepted only when no fixed points were present; not a trained predictor.
summary,random_target_derangement_distribution,,std,0.017566554928527565,,,angstrom,9875,20260718,1000,Distribution of mean RMSD across uniform random permutations accepted only when no fixed points were present; not a trained predictor.
summary,random_target_derangement_distribution,,median,6.917857229993314,,,angstrom,9875,20260718,1000,Distribution of mean RMSD across uniform random permutations accepted only when no fixed points were present; not a trained predictor.
summary,random_target_derangement_distribution,,p2_5,6.884421954404554,,,angstrom,9875,20260718,1000,Distribution of mean RMSD across uniform random permutations accepted only when no fixed points were present; not a trained predictor.
summary,random_target_derangement_distribution,,p97_5,6.950714607538453,,,angstrom,9875,20260718,1000,Distribution of mean RMSD across uniform random permutations accepted only when no fixed points were present; not a trained predictor.
permutation_sample,random_target_derangement_distribution,1,mean_rmsd,6.9228770663225205,,,angstrom,9875,20260718,1000,Accepted fixed-point-free permutation.
permutation_sample,random_target_derangement_distribution,2,mean_rmsd,6.944793891158286,,,angstrom,9875,20260718,1000,Accepted fixed-point-free permutation.
permutation_sample,random_target_derangement_distribution,3,mean_rmsd,6.898360966175418,,,angstrom,9875,20260718,1000,Accepted fixed-point-free permutation.
permutation_sample,random_target_derangement_distribution,4,mean_rmsd,6.931045754010165,,,angstrom,9875,20260718,1000,Accepted fixed-point-free permutation.
permutation_sample,random_target_derangement_distribution,5,mean_rmsd,6.905513994035842,,,angstrom,9875,20260718,1000,Accepted fixed-point-free permutation.
permutation_sample,random_target_derangement_distribution,6,mean_rmsd,6.918768494931958,,,angstrom,9875,20260718,1000,Accepted fixed-point-free permutation.
permutation_sample,random_target_derangement_distribution,7,mean_rmsd,6.928633527417727,,,angstrom,9875,20260718,1000,Accepted fixed-point-free permutation.
permutation_sample,random_target_derangement_distribution,8,mean_rmsd,6.931743047026139,,,angstrom,9875,20260718,1000,Accepted fixed-point-free permutation.
permutation_sample,random_target_derangement_distribution,9,mean_rmsd,6.922997788344758,,,angstrom,9875,20260718,1000,Accepted fixed-point-free permutation.
permutation_sample,random_target_derangement_distribution,10,mean_rmsd,6.917548905553698,,,angstrom,9875,20260718,1000,Accepted fixed-point-free permutation.
permutation_sample,random_target_derangement_distribution,11,mean_rmsd,6.915085737868201,,,angstrom,9875,20260718,1000,Accepted fixed-point-free permutation.
permutation_sample,random_target_derangement_distribution,12,mean_rmsd,6.9096497306340865,,,angstrom,9875,20260718,1000,Accepted fixed-point-free permutation.
permutation_sample,random_target_derangement_distribution,13,mean_rmsd,6.907217573890204,,,angstrom,9875,20260718,1000,Accepted fixed-point-free permutation.
permutation_sample,random_target_derangement_distribution,14,mean_rmsd,6.918324217035801,,,angstrom,9875,20260718,1000,Accepted fixed-point-free permutation.
permutation_sample,random_target_derangement_distribution,15,mean_rmsd,6.921849354128295,,,angstrom,9875,20260718,1000,Accepted fixed-point-free permutation.
permutation_sample,random_target_derangement_distribution,16,mean_rmsd,6.935868785351138,,,angstrom,9875,20260718,1000,Accepted fixed-point-free permutation.
permutation_sample,random_target_derangement_distribution,17,mean_rmsd,6.906436763860003,,,angstrom,9875,20260718,1000,Accepted fixed-point-free permutation.
permutation_sample,random_target_derangement_distribution,18,mean_rmsd,6.897490437073044,,,angstrom,9875,20260718,1000,Accepted fixed-point-free permutation.
permutation_sample,random_target_derangement_distribution,19,mean_rmsd,6.931916899379296,,,angstrom,9875,20260718,1000,Accepted fixed-point-free permutation.
permutation_sample,random_target_derangement_distribution,20,mean_rmsd,6.9146363282626195,,,angstrom,9875,20260718,1000,Accepted fixed-point-free permutation.
permutation_sample,random_target_derangement_distribution,21,mean_rmsd,6.932265948464599,,,angstrom,9875,20260718,1000,Accepted fixed-point-free permutation.
permutation_sample,random_target_derangement_distribution,22,mean_rmsd,6.913078070097332,,,angstrom,9875,20260718,1000,Accepted fixed-point-free permutation.
permutation_sample,random_target_derangement_distribution,23,mean_rmsd,6.956202903892421,,,angstrom,9875,20260718,1000,Accepted fixed-point-free permutation.
permutation_sample,random_target_derangement_distribution,24,mean_rmsd,6.903305937163438,,,angstrom,9875,20260718,1000,Accepted fixed-point-free permutation.
permutation_sample,random_target_derangement_distribution,25,mean_rmsd,6.918065840153755,,,angstrom,9875,20260718,1000,Accepted fixed-point-free permutation.
permutation_sample,random_target_derangement_distribution,26,mean_rmsd,6.932339644733864,,,angstrom,9875,20260718,1000,Accepted fixed-point-free permutation.
permutation_sample,random_target_derangement_distribution,27,mean_rmsd,6.930395360210274,,,angstrom,9875,20260718,1000,Accepted fixed-point-free permutation.
permutation_sample,random_target_derangement_distribution,28,mean_rmsd,6.931356141295614,,,angstrom,9875,20260718,1000,Accepted fixed-point-free permutation.
permutation_sample,random_target_derangement_distribution,29,mean_rmsd,6.94343429851532,,,angstrom,9875,20260718,1000,Accepted fixed-point-free permutation.
permutation_sample,random_target_derangement_distribution,30,mean_rmsd,6.923256847683388,,,angstrom,9875,20260718,1000,Accepted fixed-point-free permutation.
permutation_sample,random_target_derangement_distribution,31,mean_rmsd,6.88598977034605,,,angstrom,9875,20260718,1000,Accepted fixed-point-free permutation.
permutation_sample,random_target_derangement_distribution,32,mean_rmsd,6.9328642289487625,,,angstrom,9875,20260718,1000,Accepted fixed-point-free permutation.
permutation_sample,random_target_derangement_distribution,33,mean_rmsd,6.9258176771236375,,,angstrom,9875,20260718,1000,Accepted fixed-point-free permutation.
permutation_sample,random_target_derangement_distribution,34,mean_rmsd,6.9446922779083256,,,angstrom,9875,20260718,1000,Accepted fixed-point-free permutation.
permutation_sample,random_target_derangement_distribution,35,mean_rmsd,6.9441745983799805,,,angstrom,9875,20260718,1000,Accepted fixed-point-free permutation.
permutation_sample,random_target_derangement_distribution,36,mean_rmsd,6.920131073444705,,,angstrom,9875,20260718,1000,Accepted fixed-point-free permutation.
permutation_sample,random_target_derangement_distribution,37,mean_rmsd,6.939836521245256,,,angstrom,9875,20260718,1000,Accepted fixed-point-free permutation.
permutation_sample,random_target_derangement_distribution,38,mean_rmsd,6.896142786508874,,,angstrom,9875,20260718,1000,Accepted fixed-point-free permutation.
permutation_sample,random_target_derangement_distribution,39,mean_rmsd,6.9161577016251,,,angstrom,9875,20260718,1000,Accepted fixed-point-free permutation.
permutation_sample,random_target_derangement_distribution,40,mean_rmsd,6.925463247721709,,,angstrom,9875,20260718,1000,Accepted fixed-point-free permutation.
permutation_sample,random_target_derangement_distribution,41,mean_rmsd,6.8972406970156905,,,angstrom,9875,20260718,1000,Accepted fixed-point-free permutation.
permutation_sample,random_target_derangement_distribution,42,mean_rmsd,6.898279030304921,,,angstrom,9875,20260718,1000,Accepted fixed-point-free permutation.
permutation_sample,random_target_derangement_distribution,43,mean_rmsd,6.9195347293781335,,,angstrom,9875,20260718,1000,Accepted fixed-point-free permutation.
permutation_sample,random_target_derangement_distribution,44,mean_rmsd,6.9357155944848365,,,angstrom,9875,20260718,1000,Accepted fixed-point-free permutation.
permutation_sample,random_target_derangement_distribution,45,mean_rmsd,6.907547664726837,,,angstrom,9875,20260718,1000,Accepted fixed-point-free permutation.
permutation_sample,random_target_derangement_distribution,46,mean_rmsd,6.900162818136095,,,angstrom,9875,20260718,1000,Accepted fixed-point-free permutation.
permutation_sample,random_target_derangement_distribution,47,mean_rmsd,6.87984692101539,,,angstrom,9875,20260718,1000,Accepted fixed-point-free permutation.
permutation_sample,random_target_derangement_distribution,48,mean_rmsd,6.902723241492163,,,angstrom,9875,20260718,1000,Accepted fixed-point-free permutation.
permutation_sample,random_target_derangement_distribution,49,mean_rmsd,6.920569958988625,,,angstrom,9875,20260718,1000,Accepted fixed-point-free permutation.
permutation_sample,random_target_derangement_distribution,50,mean_rmsd,6.895928159846536,,,angstrom,9875,20260718,1000,Accepted fixed-point-free permutation.
permutation_sample,random_target_derangement_distribution,51,mean_rmsd,6.897333407727978,,,angstrom,9875,20260718,1000,Accepted fixed-point-free permutation.
permutation_sample,random_target_derangement_distribution,52,mean_rmsd,6.9316850635069835,,,angstrom,9875,20260718,1000,Accepted fixed-point-free permutation.
permutation_sample,random_target_derangement_distribution,53,mean_rmsd,6.943637209988848,,,angstrom,9875,20260718,1000,Accepted fixed-point-free permutation.
permutation_sample,random_target_derangement_distribution,54,mean_rmsd,6.920195133655887,,,angstrom,9875,20260718,1000,Accepted fixed-point-free permutation.
permutation_sample,random_target_derangement_distribution,55,mean_rmsd,6.932153194632711,,,angstrom,9875,20260718,1000,Accepted fixed-point-free permutation.
permutation_sample,random_target_derangement_distribution,56,mean_rmsd,6.917112450647958,,,angstrom,9875,20260718,1000,Accepted fixed-point-free permutation.
permutation_sample,random_target_derangement_distribution,57,mean_rmsd,6.899918072241771,,,angstrom,9875,20260718,1000,Accepted fixed-point-free permutation.
permutation_sample,random_target_derangement_distribution,58,mean_rmsd,6.904302483027495,,,angstrom,9875,20260718,1000,Accepted fixed-point-free permutation.
permutation_sample,random_target_derangement_distribution,59,mean_rmsd,6.922921643595153,,,angstrom,9875,20260718,1000,Accepted fixed-point-free permutation.
permutation_sample,random_target_derangement_distribution,60,mean_rmsd,6.911670687277106,,,angstrom,9875,20260718,1000,Accepted fixed-point-free permutation.
permutation_sample,random_target_derangement_distribution,61,mean_rmsd,6.918309512766102,,,angstrom,9875,20260718,1000,Accepted fixed-point-free permutation.
permutation_sample,random_target_derangement_distribution,62,mean_rmsd,6.920567876296707,,,angstrom,9875,20260718,1000,Accepted fixed-point-free permutation.
permutation_sample,random_target_derangement_distribution,63,mean_rmsd,6.927645658613761,,,angstrom,9875,20260718,1000,Accepted fixed-point-free permutation.
permutation_sample,random_target_derangement_distribution,64,mean_rmsd,6.887855908731871,,,angstrom,9875,20260718,1000,Accepted fixed-point-free permutation.
permutation_sample,random_target_derangement_distribution,65,mean_rmsd,6.938527710516242,,,angstrom,9875,20260718,1000,Accepted fixed-point-free permutation.
permutation_sample,random_target_derangement_distribution,66,mean_rmsd,6.944861524159395,,,angstrom,9875,20260718,1000,Accepted fixed-point-free permutation.
permutation_sample,random_target_derangement_distribution,67,mean_rmsd,6.908692142679722,,,angstrom,9875,20260718,1000,Accepted fixed-point-free permutation.
permutation_sample,random_target_derangement_distribution,68,mean_rmsd,6.929515290453464,,,angstrom,9875,20260718,1000,Accepted fixed-point-free permutation.
permutation_sample,random_target_derangement_distribution,69,mean_rmsd,6.9299717449115805,,,angstrom,9875,20260718,1000,Accepted fixed-point-free permutation.
permutation_sample,random_target_derangement_distribution,70,mean_rmsd,6.893598295718809,,,angstrom,9875,20260718,1000,Accepted fixed-point-free permutation.
permutation_sample,random_target_derangement_distribution,71,mean_rmsd,6.910557271945326,,,angstrom,9875,20260718,1000,Accepted fixed-point-free permutation.
permutation_sample,random_target_derangement_distribution,72,mean_rmsd,6.9287549052902415,,,angstrom,9875,20260718,1000,Accepted fixed-point-free permutation.
permutation_sample,random_target_derangement_distribution,73,mean_rmsd,6.926144426707981,,,angstrom,9875,20260718,1000,Accepted fixed-point-free permutation.
permutation_sample,random_target_derangement_distribution,74,mean_rmsd,6.90572417692595,,,angstrom,9875,20260718,1000,Accepted fixed-point-free permutation.
permutation_sample,random_target_derangement_distribution,75,mean_rmsd,6.938459275112876,,,angstrom,9875,20260718,1000,Accepted fixed-point-free permutation.
permutation_sample,random_target_derangement_distribution,76,mean_rmsd,6.9184400165413,,,angstrom,9875,20260718,1000,Accepted fixed-point-free permutation.
permutation_sample,random_target_derangement_distribution,77,mean_rmsd,6.895797305783139,,,angstrom,9875,20260718,1000,Accepted fixed-point-free permutation.
permutation_sample,random_target_derangement_distribution,78,mean_rmsd,6.909601000218452,,,angstrom,9875,20260718,1000,Accepted fixed-point-free permutation.
permutation_sample,random_target_derangement_distribution,79,mean_rmsd,6.912077003961877,,,angstrom,9875,20260718,1000,Accepted fixed-point-free permutation.
permutation_sample,random_target_derangement_distribution,80,mean_rmsd,6.9402250809729855,,,angstrom,9875,20260718,1000,Accepted fixed-point-free permutation.
permutation_sample,random_target_derangement_distribution,81,mean_rmsd,6.936032193002822,,,angstrom,9875,20260718,1000,Accepted fixed-point-free permutation.
permutation_sample,random_target_derangement_distribution,82,mean_rmsd,6.927951486334017,,,angstrom,9875,20260718,1000,Accepted fixed-point-free permutation.
permutation_sample,random_target_derangement_distribution,83,mean_rmsd,6.919037261697311,,,angstrom,9875,20260718,1000,Accepted fixed-point-free permutation.
permutation_sample,random_target_derangement_distribution,84,mean_rmsd,6.955539383248438,,,angstrom,9875,20260718,1000,Accepted fixed-point-free permutation.
permutation_sample,random_target_derangement_distribution,85,mean_rmsd,6.917892765431465,,,angstrom,9875,20260718,1000,Accepted fixed-point-free permutation.
permutation_sample,random_target_derangement_distribution,86,mean_rmsd,6.896602706305589,,,angstrom,9875,20260718,1000,Accepted fixed-point-free permutation.
permutation_sample,random_target_derangement_distribution,87,mean_rmsd,6.904936258171179,,,angstrom,9875,20260718,1000,Accepted fixed-point-free permutation.
permutation_sample,random_target_derangement_distribution,88,mean_rmsd,6.913332797352272,,,angstrom,9875,20260718,1000,Accepted fixed-point-free permutation.
permutation_sample,random_target_derangement_distribution,89,mean_rmsd,6.910106508931028,,,angstrom,9875,20260718,1000,Accepted fixed-point-free permutation.
permutation_sample,random_target_derangement_distribution,90,mean_rmsd,6.917767986490757,,,angstrom,9875,20260718,1000,Accepted fixed-point-free permutation.
permutation_sample,random_target_derangement_distribution,91,mean_rmsd,6.894654209016245,,,angstrom,9875,20260718,1000,Accepted fixed-point-free permutation.
permutation_sample,random_target_derangement_distribution,92,mean_rmsd,6.87520307246341,,,angstrom,9875,20260718,1000,Accepted fixed-point-free permutation.
permutation_sample,random_target_derangement_distribution,93,mean_rmsd,6.9053122128716,,,angstrom,9875,20260718,1000,Accepted fixed-point-free permutation.
permutation_sample,random_target_derangement_distribution,94,mean_rmsd,6.882046031143092,,,angstrom,9875,20260718,1000,Accepted fixed-point-free permutation.
permutation_sample,random_target_derangement_distribution,95,mean_rmsd,6.922934686914275,,,angstrom,9875,20260718,1000,Accepted fixed-point-free permutation.
permutation_sample,random_target_derangement_distribution,96,mean_rmsd,6.939489037501661,,,angstrom,9875,20260718,1000,Accepted fixed-point-free permutation.
permutation_sample,random_target_derangement_distribution,97,mean_rmsd,6.9229710317804845,,,angstrom,9875,20260718,1000,Accepted fixed-point-free permutation.
permutation_sample,random_target_derangement_distribution,98,mean_rmsd,6.912727590524698,,,angstrom,9875,20260718,1000,Accepted fixed-point-free permutation.
permutation_sample,random_target_derangement_distribution,99,mean_rmsd,6.912420358525047,,,angstrom,9875,20260718,1000,Accepted fixed-point-free permutation.
permutation_sample,random_target_derangement_distribution,100,mean_rmsd,6.867813595445851,,,angstrom,9875,20260718,1000,Accepted fixed-point-free permutation.
permutation_sample,random_target_derangement_distribution,101,mean_rmsd,6.900628819851936,,,angstrom,9875,20260718,1000,Accepted fixed-point-free permutation.
permutation_sample,random_target_derangement_distribution,102,mean_rmsd,6.911607627446139,,,angstrom,9875,20260718,1000,Accepted fixed-point-free permutation.
permutation_sample,random_target_derangement_distribution,103,mean_rmsd,6.9392929101412815,,,angstrom,9875,20260718,1000,Accepted fixed-point-free permutation.
permutation_sample,random_target_derangement_distribution,104,mean_rmsd,6.945873697643039,,,angstrom,9875,20260718,1000,Accepted fixed-point-free permutation.
permutation_sample,random_target_derangement_distribution,105,mean_rmsd,6.9095856016255635,,,angstrom,9875,20260718,1000,Accepted fixed-point-free permutation.
permutation_sample,random_target_derangement_distribution,106,mean_rmsd,6.891458781858034,,,angstrom,9875,20260718,1000,Accepted fixed-point-free permutation.
permutation_sample,random_target_derangement_distribution,107,mean_rmsd,6.9191636902169344,,,angstrom,9875,20260718,1000,Accepted fixed-point-free permutation.
permutation_sample,random_target_derangement_distribution,108,mean_rmsd,6.928117279958122,,,angstrom,9875,20260718,1000,Accepted fixed-point-free permutation.
permutation_sample,random_target_derangement_distribution,109,mean_rmsd,6.903155322545691,,,angstrom,9875,20260718,1000,Accepted fixed-point-free permutation.
permutation_sample,random_target_derangement_distribution,110,mean_rmsd,6.9394077518680435,,,angstrom,9875,20260718,1000,Accepted fixed-point-free permutation.
permutation_sample,random_target_derangement_distribution,111,mean_rmsd,6.903457164341891,,,angstrom,9875,20260718,1000,Accepted fixed-point-free permutation.
permutation_sample,random_target_derangement_distribution,112,mean_rmsd,6.903857863510711,,,angstrom,9875,20260718,1000,Accepted fixed-point-free permutation.
permutation_sample,random_target_derangement_distribution,113,mean_rmsd,6.894650783575035,,,angstrom,9875,20260718,1000,Accepted fixed-point-free permutation.
permutation_sample,random_target_derangement_distribution,114,mean_rmsd,6.900973201993146,,,angstrom,9875,20260718,1000,Accepted fixed-point-free permutation.
permutation_sample,random_target_derangement_distribution,115,mean_rmsd,6.9341725584706175,,,angstrom,9875,20260718,1000,Accepted fixed-point-free permutation.
permutation_sample,random_target_derangement_distribution,116,mean_rmsd,6.90102046340025,,,angstrom,9875,20260718,1000,Accepted fixed-point-free permutation.
permutation_sample,random_target_derangement_distribution,117,mean_rmsd,6.933997040145005,,,angstrom,9875,20260718,1000,Accepted fixed-point-free permutation.
permutation_sample,random_target_derangement_distribution,118,mean_rmsd,6.928273047447205,,,angstrom,9875,20260718,1000,Accepted fixed-point-free permutation.
permutation_sample,random_target_derangement_distribution,119,mean_rmsd,6.908748422489891,,,angstrom,9875,20260718,1000,Accepted fixed-point-free permutation.
permutation_sample,random_target_derangement_distribution,120,mean_rmsd,6.910435350152511,,,angstrom,9875,20260718,1000,Accepted fixed-point-free permutation.
permutation_sample,random_target_derangement_distribution,121,mean_rmsd,6.898766987945461,,,angstrom,9875,20260718,1000,Accepted fixed-point-free permutation.
permutation_sample,random_target_derangement_distribution,122,mean_rmsd,6.908881175898299,,,angstrom,9875,20260718,1000,Accepted fixed-point-free permutation.
permutation_sample,random_target_derangement_distribution,123,mean_rmsd,6.93010106674629,,,angstrom,9875,20260718,1000,Accepted fixed-point-free permutation.
permutation_sample,random_target_derangement_distribution,124,mean_rmsd,6.890558030623424,,,angstrom,9875,20260718,1000,Accepted fixed-point-free permutation.
permutation_sample,random_target_derangement_distribution,125,mean_rmsd,6.893576400165317,,,angstrom,9875,20260718,1000,Accepted fixed-point-free permutation.
permutation_sample,random_target_derangement_distribution,126,mean_rmsd,6.92277003657667,,,angstrom,9875,20260718,1000,Accepted fixed-point-free permutation.
permutation_sample,random_target_derangement_distribution,127,mean_rmsd,6.922524807652341,,,angstrom,9875,20260718,1000,Accepted fixed-point-free permutation.
permutation_sample,random_target_derangement_distribution,128,mean_rmsd,6.922616973683804,,,angstrom,9875,20260718,1000,Accepted fixed-point-free permutation.
permutation_sample,random_target_derangement_distribution,129,mean_rmsd,6.953177686679213,,,angstrom,9875,20260718,1000,Accepted fixed-point-free permutation.
permutation_sample,random_target_derangement_distribution,130,mean_rmsd,6.931972615990458,,,angstrom,9875,20260718,1000,Accepted fixed-point-free permutation.
permutation_sample,random_target_derangement_distribution,131,mean_rmsd,6.920858190488212,,,angstrom,9875,20260718,1000,Accepted fixed-point-free permutation.
permutation_sample,random_target_derangement_distribution,132,mean_rmsd,6.938118474972399,,,angstrom,9875,20260718,1000,Accepted fixed-point-free permutation.
permutation_sample,random_target_derangement_distribution,133,mean_rmsd,6.928837686852564,,,angstrom,9875,20260718,1000,Accepted fixed-point-free permutation.
permutation_sample,random_target_derangement_distribution,134,mean_rmsd,6.9364359989407705,,,angstrom,9875,20260718,1000,Accepted fixed-point-free permutation.
permutation_sample,random_target_derangement_distribution,135,mean_rmsd,6.906038385113583,,,angstrom,9875,20260718,1000,Accepted fixed-point-free permutation.
permutation_sample,random_target_derangement_distribution,136,mean_rmsd,6.904856237568433,,,angstrom,9875,20260718,1000,Accepted fixed-point-free permutation.
permutation_sample,random_target_derangement_distribution,137,mean_rmsd,6.935828969701936,,,angstrom,9875,20260718,1000,Accepted fixed-point-free permutation.
permutation_sample,random_target_derangement_distribution,138,mean_rmsd,6.885938537851165,,,angstrom,9875,20260718,1000,Accepted fixed-point-free permutation.
permutation_sample,random_target_derangement_distribution,139,mean_rmsd,6.9141176943235765,,,angstrom,9875,20260718,1000,Accepted fixed-point-free permutation.
permutation_sample,random_target_derangement_distribution,140,mean_rmsd,6.914116827168042,,,angstrom,9875,20260718,1000,Accepted fixed-point-free permutation.
permutation_sample,random_target_derangement_distribution,141,mean_rmsd,6.9041992866057385,,,angstrom,9875,20260718,1000,Accepted fixed-point-free permutation.
permutation_sample,random_target_derangement_distribution,142,mean_rmsd,6.893802273231217,,,angstrom,9875,20260718,1000,Accepted fixed-point-free permutation.
permutation_sample,random_target_derangement_distribution,143,mean_rmsd,6.943056719816184,,,angstrom,9875,20260718,1000,Accepted fixed-point-free permutation.
permutation_sample,random_target_derangement_distribution,144,mean_rmsd,6.916764740533467,,,angstrom,9875,20260718,1000,Accepted fixed-point-free permutation.
permutation_sample,random_target_derangement_distribution,145,mean_rmsd,6.9106396307764175,,,angstrom,9875,20260718,1000,Accepted fixed-point-free permutation.
permutation_sample,random_target_derangement_distribution,146,mean_rmsd,6.924946901200693,,,angstrom,9875,20260718,1000,Accepted fixed-point-free permutation.
permutation_sample,random_target_derangement_distribution,147,mean_rmsd,6.92066709243195,,,angstrom,9875,20260718,1000,Accepted fixed-point-free permutation.
permutation_sample,random_target_derangement_distribution,148,mean_rmsd,6.939269208545927,,,angstrom,9875,20260718,1000,Accepted fixed-point-free permutation.
permutation_sample,random_target_derangement_distribution,149,mean_rmsd,6.898241977534717,,,angstrom,9875,20260718,1000,Accepted fixed-point-free permutation.
permutation_sample,random_target_derangement_distribution,150,mean_rmsd,6.931992311067219,,,angstrom,9875,20260718,1000,Accepted fixed-point-free permutation.
permutation_sample,random_target_derangement_distribution,151,mean_rmsd,6.915874515098862,,,angstrom,9875,20260718,1000,Accepted fixed-point-free permutation.
permutation_sample,random_target_derangement_distribution,152,mean_rmsd,6.930400228572798,,,angstrom,9875,20260718,1000,Accepted fixed-point-free permutation.
permutation_sample,random_target_derangement_distribution,153,mean_rmsd,6.923440994733497,,,angstrom,9875,20260718,1000,Accepted fixed-point-free permutation.
permutation_sample,random_target_derangement_distribution,154,mean_rmsd,6.907169840873043,,,angstrom,9875,20260718,1000,Accepted fixed-point-free permutation.
permutation_sample,random_target_derangement_distribution,155,mean_rmsd,6.933003470879568,,,angstrom,9875,20260718,1000,Accepted fixed-point-free permutation.
permutation_sample,random_target_derangement_distribution,156,mean_rmsd,6.92389864367473,,,angstrom,9875,20260718,1000,Accepted fixed-point-free permutation.
permutation_sample,random_target_derangement_distribution,157,mean_rmsd,6.908555641620975,,,angstrom,9875,20260718,1000,Accepted fixed-point-free permutation.
permutation_sample,random_target_derangement_distribution,158,mean_rmsd,6.907331427634517,,,angstrom,9875,20260718,1000,Accepted fixed-point-free permutation.
permutation_sample,random_target_derangement_distribution,159,mean_rmsd,6.902322087963926,,,angstrom,9875,20260718,1000,Accepted fixed-point-free permutation.
permutation_sample,random_target_derangement_distribution,160,mean_rmsd,6.908791336470013,,,angstrom,9875,20260718,1000,Accepted fixed-point-free permutation.
permutation_sample,random_target_derangement_distribution,161,mean_rmsd,6.912987300969378,,,angstrom,9875,20260718,1000,Accepted fixed-point-free permutation.
permutation_sample,random_target_derangement_distribution,162,mean_rmsd,6.940928445803968,,,angstrom,9875,20260718,1000,Accepted fixed-point-free permutation.
permutation_sample,random_target_derangement_distribution,163,mean_rmsd,6.89955325714546,,,angstrom,9875,20260718,1000,Accepted fixed-point-free permutation.
permutation_sample,random_target_derangement_distribution,164,mean_rmsd,6.918420512392552,,,angstrom,9875,20260718,1000,Accepted fixed-point-free permutation.
permutation_sample,random_target_derangement_distribution,165,mean_rmsd,6.905769961586482,,,angstrom,9875,20260718,1000,Accepted fixed-point-free permutation.
permutation_sample,random_target_derangement_distribution,166,mean_rmsd,6.932320584442042,,,angstrom,9875,20260718,1000,Accepted fixed-point-free permutation.
permutation_sample,random_target_derangement_distribution,167,mean_rmsd,6.930528421027751,,,angstrom,9875,20260718,1000,Accepted fixed-point-free permutation.
permutation_sample,random_target_derangement_distribution,168,mean_rmsd,6.920192386759988,,,angstrom,9875,20260718,1000,Accepted fixed-point-free permutation.
permutation_sample,random_target_derangement_distribution,169,mean_rmsd,6.920848803520203,,,angstrom,9875,20260718,1000,Accepted fixed-point-free permutation.
permutation_sample,random_target_derangement_distribution,170,mean_rmsd,6.919286314819433,,,angstrom,9875,20260718,1000,Accepted fixed-point-free permutation.
permutation_sample,random_target_derangement_distribution,171,mean_rmsd,6.93602308779125,,,angstrom,9875,20260718,1000,Accepted fixed-point-free permutation.
permutation_sample,random_target_derangement_distribution,172,mean_rmsd,6.900901193558416,,,angstrom,9875,20260718,1000,Accepted fixed-point-free permutation.
permutation_sample,random_target_derangement_distribution,173,mean_rmsd,6.890009093175961,,,angstrom,9875,20260718,1000,Accepted fixed-point-free permutation.
permutation_sample,random_target_derangement_distribution,174,mean_rmsd,6.92040356692785,,,angstrom,9875,20260718,1000,Accepted fixed-point-free permutation.
permutation_sample,random_target_derangement_distribution,175,mean_rmsd,6.908004888944989,,,angstrom,9875,20260718,1000,Accepted fixed-point-free permutation.
permutation_sample,random_target_derangement_distribution,176,mean_rmsd,6.938855242270458,,,angstrom,9875,20260718,1000,Accepted fixed-point-free permutation.
permutation_sample,random_target_derangement_distribution,177,mean_rmsd,6.915274842588208,,,angstrom,9875,20260718,1000,Accepted fixed-point-free permutation.
permutation_sample,random_target_derangement_distribution,178,mean_rmsd,6.940652402431151,,,angstrom,9875,20260718,1000,Accepted fixed-point-free permutation.
permutation_sample,random_target_derangement_distribution,179,mean_rmsd,6.895680221738695,,,angstrom,9875,20260718,1000,Accepted fixed-point-free permutation.
permutation_sample,random_target_derangement_distribution,180,mean_rmsd,6.927430293722998,,,angstrom,9875,20260718,1000,Accepted fixed-point-free permutation.
permutation_sample,random_target_derangement_distribution,181,mean_rmsd,6.894541885846778,,,angstrom,9875,20260718,1000,Accepted fixed-point-free permutation.
permutation_sample,random_target_derangement_distribution,182,mean_rmsd,6.9093131512629835,,,angstrom,9875,20260718,1000,Accepted fixed-point-free permutation.
permutation_sample,random_target_derangement_distribution,183,mean_rmsd,6.898310678313051,,,angstrom,9875,20260718,1000,Accepted fixed-point-free permutation.
permutation_sample,random_target_derangement_distribution,184,mean_rmsd,6.8931025658740275,,,angstrom,9875,20260718,1000,Accepted fixed-point-free permutation.
permutation_sample,random_target_derangement_distribution,185,mean_rmsd,6.903395061251484,,,angstrom,9875,20260718,1000,Accepted fixed-point-free permutation.
permutation_sample,random_target_derangement_distribution,186,mean_rmsd,6.924373479263692,,,angstrom,9875,20260718,1000,Accepted fixed-point-free permutation.
permutation_sample,random_target_derangement_distribution,187,mean_rmsd,6.940029688654067,,,angstrom,9875,20260718,1000,Accepted fixed-point-free permutation.
permutation_sample,random_target_derangement_distribution,188,mean_rmsd,6.9163392334225815,,,angstrom,9875,20260718,1000,Accepted fixed-point-free permutation.
permutation_sample,random_target_derangement_distribution,189,mean_rmsd,6.919733717097512,,,angstrom,9875,20260718,1000,Accepted fixed-point-free permutation.
permutation_sample,random_target_derangement_distribution,190,mean_rmsd,6.888240904144094,,,angstrom,9875,20260718,1000,Accepted fixed-point-free permutation.
permutation_sample,random_target_derangement_distribution,191,mean_rmsd,6.916274660653706,,,angstrom,9875,20260718,1000,Accepted fixed-point-free permutation.
permutation_sample,random_target_derangement_distribution,192,mean_rmsd,6.902256214069415,,,angstrom,9875,20260718,1000,Accepted fixed-point-free permutation.
permutation_sample,random_target_derangement_distribution,193,mean_rmsd,6.941176152205166,,,angstrom,9875,20260718,1000,Accepted fixed-point-free permutation.
permutation_sample,random_target_derangement_distribution,194,mean_rmsd,6.924237073910388,,,angstrom,9875,20260718,1000,Accepted fixed-point-free permutation.
permutation_sample,random_target_derangement_distribution,195,mean_rmsd,6.9608749532699585,,,angstrom,9875,20260718,1000,Accepted fixed-point-free permutation.
permutation_sample,random_target_derangement_distribution,196,mean_rmsd,6.933609777221197,,,angstrom,9875,20260718,1000,Accepted fixed-point-free permutation.
permutation_sample,random_target_derangement_distribution,197,mean_rmsd,6.909047519889059,,,angstrom,9875,20260718,1000,Accepted fixed-point-free permutation.
permutation_sample,random_target_derangement_distribution,198,mean_rmsd,6.917220554557028,,,angstrom,9875,20260718,1000,Accepted fixed-point-free permutation.
permutation_sample,random_target_derangement_distribution,199,mean_rmsd,6.908445165115067,,,angstrom,9875,20260718,1000,Accepted fixed-point-free permutation.
permutation_sample,random_target_derangement_distribution,200,mean_rmsd,6.90800474350362,,,angstrom,9875,20260718,1000,Accepted fixed-point-free permutation.
permutation_sample,random_target_derangement_distribution,201,mean_rmsd,6.929431759327273,,,angstrom,9875,20260718,1000,Accepted fixed-point-free permutation.
permutation_sample,random_target_derangement_distribution,202,mean_rmsd,6.9273345660439025,,,angstrom,9875,20260718,1000,Accepted fixed-point-free permutation.
permutation_sample,random_target_derangement_distribution,203,mean_rmsd,6.909214860288403,,,angstrom,9875,20260718,1000,Accepted fixed-point-free permutation.
permutation_sample,random_target_derangement_distribution,204,mean_rmsd,6.921415002400362,,,angstrom,9875,20260718,1000,Accepted fixed-point-free permutation.
permutation_sample,random_target_derangement_distribution,205,mean_rmsd,6.913576566213294,,,angstrom,9875,20260718,1000,Accepted fixed-point-free permutation.
permutation_sample,random_target_derangement_distribution,206,mean_rmsd,6.963472819086872,,,angstrom,9875,20260718,1000,Accepted fixed-point-free permutation.
permutation_sample,random_target_derangement_distribution,207,mean_rmsd,6.906346930781497,,,angstrom,9875,20260718,1000,Accepted fixed-point-free permutation.
permutation_sample,random_target_derangement_distribution,208,mean_rmsd,6.914621146371093,,,angstrom,9875,20260718,1000,Accepted fixed-point-free permutation.
permutation_sample,random_target_derangement_distribution,209,mean_rmsd,6.9354790259011185,,,angstrom,9875,20260718,1000,Accepted fixed-point-free permutation.
permutation_sample,random_target_derangement_distribution,210,mean_rmsd,6.901109423927115,,,angstrom,9875,20260718,1000,Accepted fixed-point-free permutation.
permutation_sample,random_target_derangement_distribution,211,mean_rmsd,6.918250470390803,,,angstrom,9875,20260718,1000,Accepted fixed-point-free permutation.
permutation_sample,random_target_derangement_distribution,212,mean_rmsd,6.92825295453132,,,angstrom,9875,20260718,1000,Accepted fixed-point-free permutation.
permutation_sample,random_target_derangement_distribution,213,mean_rmsd,6.900315290789061,,,angstrom,9875,20260718,1000,Accepted fixed-point-free permutation.
permutation_sample,random_target_derangement_distribution,214,mean_rmsd,6.908412221437769,,,angstrom,9875,20260718,1000,Accepted fixed-point-free permutation.
permutation_sample,random_target_derangement_distribution,215,mean_rmsd,6.924328852375852,,,angstrom,9875,20260718,1000,Accepted fixed-point-free permutation.
permutation_sample,random_target_derangement_distribution,216,mean_rmsd,6.931608799777454,,,angstrom,9875,20260718,1000,Accepted fixed-point-free permutation.
permutation_sample,random_target_derangement_distribution,217,mean_rmsd,6.887078884293762,,,angstrom,9875,20260718,1000,Accepted fixed-point-free permutation.
permutation_sample,random_target_derangement_distribution,218,mean_rmsd,6.9302230496225485,,,angstrom,9875,20260718,1000,Accepted fixed-point-free permutation.
permutation_sample,random_target_derangement_distribution,219,mean_rmsd,6.906580294283131,,,angstrom,9875,20260718,1000,Accepted fixed-point-free permutation.
permutation_sample,random_target_derangement_distribution,220,mean_rmsd,6.936830899769747,,,angstrom,9875,20260718,1000,Accepted fixed-point-free permutation.
permutation_sample,random_target_derangement_distribution,221,mean_rmsd,6.904603213068806,,,angstrom,9875,20260718,1000,Accepted fixed-point-free permutation.
permutation_sample,random_target_derangement_distribution,222,mean_rmsd,6.9084360203561905,,,angstrom,9875,20260718,1000,Accepted fixed-point-free permutation.
permutation_sample,random_target_derangement_distribution,223,mean_rmsd,6.908970151949533,,,angstrom,9875,20260718,1000,Accepted fixed-point-free permutation.
permutation_sample,random_target_derangement_distribution,224,mean_rmsd,6.960938011229793,,,angstrom,9875,20260718,1000,Accepted fixed-point-free permutation.
permutation_sample,random_target_derangement_distribution,225,mean_rmsd,6.901161693512639,,,angstrom,9875,20260718,1000,Accepted fixed-point-free permutation.
permutation_sample,random_target_derangement_distribution,226,mean_rmsd,6.9257303686141976,,,angstrom,9875,20260718,1000,Accepted fixed-point-free permutation.
permutation_sample,random_target_derangement_distribution,227,mean_rmsd,6.939309441228456,,,angstrom,9875,20260718,1000,Accepted fixed-point-free permutation.
permutation_sample,random_target_derangement_distribution,228,mean_rmsd,6.9030484225236926,,,angstrom,9875,20260718,1000,Accepted fixed-point-free permutation.
permutation_sample,random_target_derangement_distribution,229,mean_rmsd,6.916759212192101,,,angstrom,9875,20260718,1000,Accepted fixed-point-free permutation.
permutation_sample,random_target_derangement_distribution,230,mean_rmsd,6.9451700954920135,,,angstrom,9875,20260718,1000,Accepted fixed-point-free permutation.
permutation_sample,random_target_derangement_distribution,231,mean_rmsd,6.8715052026917665,,,angstrom,9875,20260718,1000,Accepted fixed-point-free permutation.
permutation_sample,random_target_derangement_distribution,232,mean_rmsd,6.89413463788093,,,angstrom,9875,20260718,1000,Accepted fixed-point-free permutation.
permutation_sample,random_target_derangement_distribution,233,mean_rmsd,6.908535550684869,,,angstrom,9875,20260718,1000,Accepted fixed-point-free permutation.
permutation_sample,random_target_derangement_distribution,234,mean_rmsd,6.926621794640264,,,angstrom,9875,20260718,1000,Accepted fixed-point-free permutation.
permutation_sample,random_target_derangement_distribution,235,mean_rmsd,6.909813101225262,,,angstrom,9875,20260718,1000,Accepted fixed-point-free permutation.
permutation_sample,random_target_derangement_distribution,236,mean_rmsd,6.9182956000581575,,,angstrom,9875,20260718,1000,Accepted fixed-point-free permutation.
permutation_sample,random_target_derangement_distribution,237,mean_rmsd,6.923255511585671,,,angstrom,9875,20260718,1000,Accepted fixed-point-free permutation.
permutation_sample,random_target_derangement_distribution,238,mean_rmsd,6.8972529880306395,,,angstrom,9875,20260718,1000,Accepted fixed-point-free permutation.
permutation_sample,random_target_derangement_distribution,239,mean_rmsd,6.938815796912471,,,angstrom,9875,20260718,1000,Accepted fixed-point-free permutation.
permutation_sample,random_target_derangement_distribution,240,mean_rmsd,6.904707445881035,,,angstrom,9875,20260718,1000,Accepted fixed-point-free permutation.
permutation_sample,random_target_derangement_distribution,241,mean_rmsd,6.908830592167528,,,angstrom,9875,20260718,1000,Accepted fixed-point-free permutation.
permutation_sample,random_target_derangement_distribution,242,mean_rmsd,6.926126571329335,,,angstrom,9875,20260718,1000,Accepted fixed-point-free permutation.
permutation_sample,random_target_derangement_distribution,243,mean_rmsd,6.948634393148785,,,angstrom,9875,20260718,1000,Accepted fixed-point-free permutation.
permutation_sample,random_target_derangement_distribution,244,mean_rmsd,6.932813179462771,,,angstrom,9875,20260718,1000,Accepted fixed-point-free permutation.
permutation_sample,random_target_derangement_distribution,245,mean_rmsd,6.905220459575895,,,angstrom,9875,20260718,1000,Accepted fixed-point-free permutation.
permutation_sample,random_target_derangement_distribution,246,mean_rmsd,6.916328678143175,,,angstrom,9875,20260718,1000,Accepted fixed-point-free permutation.
permutation_sample,random_target_derangement_distribution,247,mean_rmsd,6.925278167302096,,,angstrom,9875,20260718,1000,Accepted fixed-point-free permutation.
permutation_sample,random_target_derangement_distribution,248,mean_rmsd,6.903575660319269,,,angstrom,9875,20260718,1000,Accepted fixed-point-free permutation.
permutation_sample,random_target_derangement_distribution,249,mean_rmsd,6.963548415304739,,,angstrom,9875,20260718,1000,Accepted fixed-point-free permutation.
permutation_sample,random_target_derangement_distribution,250,mean_rmsd,6.914579579824134,,,angstrom,9875,20260718,1000,Accepted fixed-point-free permutation.
permutation_sample,random_target_derangement_distribution,251,mean_rmsd,6.899392366192009,,,angstrom,9875,20260718,1000,Accepted fixed-point-free permutation.
permutation_sample,random_target_derangement_distribution,252,mean_rmsd,6.919315906512587,,,angstrom,9875,20260718,1000,Accepted fixed-point-free permutation.
permutation_sample,random_target_derangement_distribution,253,mean_rmsd,6.925873518472986,,,angstrom,9875,20260718,1000,Accepted fixed-point-free permutation.
permutation_sample,random_target_derangement_distribution,254,mean_rmsd,6.9269062287415135,,,angstrom,9875,20260718,1000,Accepted fixed-point-free permutation.
permutation_sample,random_target_derangement_distribution,255,mean_rmsd,6.928504057340985,,,angstrom,9875,20260718,1000,Accepted fixed-point-free permutation.
permutation_sample,random_target_derangement_distribution,256,mean_rmsd,6.904662899089765,,,angstrom,9875,20260718,1000,Accepted fixed-point-free permutation.
permutation_sample,random_target_derangement_distribution,257,mean_rmsd,6.91492322234866,,,angstrom,9875,20260718,1000,Accepted fixed-point-free permutation.
permutation_sample,random_target_derangement_distribution,258,mean_rmsd,6.935481467138363,,,angstrom,9875,20260718,1000,Accepted fixed-point-free permutation.
permutation_sample,random_target_derangement_distribution,259,mean_rmsd,6.945261945676201,,,angstrom,9875,20260718,1000,Accepted fixed-point-free permutation.
permutation_sample,random_target_derangement_distribution,260,mean_rmsd,6.887948151829877,,,angstrom,9875,20260718,1000,Accepted fixed-point-free permutation.
permutation_sample,random_target_derangement_distribution,261,mean_rmsd,6.905045321476611,,,angstrom,9875,20260718,1000,Accepted fixed-point-free permutation.
permutation_sample,random_target_derangement_distribution,262,mean_rmsd,6.939737841895864,,,angstrom,9875,20260718,1000,Accepted fixed-point-free permutation.
permutation_sample,random_target_derangement_distribution,263,mean_rmsd,6.923190638795684,,,angstrom,9875,20260718,1000,Accepted fixed-point-free permutation.
permutation_sample,random_target_derangement_distribution,264,mean_rmsd,6.945351737782925,,,angstrom,9875,20260718,1000,Accepted fixed-point-free permutation.
permutation_sample,random_target_derangement_distribution,265,mean_rmsd,6.919732827210728,,,angstrom,9875,20260718,1000,Accepted fixed-point-free permutation.
permutation_sample,random_target_derangement_distribution,266,mean_rmsd,6.921067187683493,,,angstrom,9875,20260718,1000,Accepted fixed-point-free permutation.
permutation_sample,random_target_derangement_distribution,267,mean_rmsd,6.915632900020745,,,angstrom,9875,20260718,1000,Accepted fixed-point-free permutation.
permutation_sample,random_target_derangement_distribution,268,mean_rmsd,6.934302373801606,,,angstrom,9875,20260718,1000,Accepted fixed-point-free permutation.
permutation_sample,random_target_derangement_distribution,269,mean_rmsd,6.937144609765162,,,angstrom,9875,20260718,1000,Accepted fixed-point-free permutation.
permutation_sample,random_target_derangement_distribution,270,mean_rmsd,6.891032295577134,,,angstrom,9875,20260718,1000,Accepted fixed-point-free permutation.
permutation_sample,random_target_derangement_distribution,271,mean_rmsd,6.9260727290745026,,,angstrom,9875,20260718,1000,Accepted fixed-point-free permutation.
permutation_sample,random_target_derangement_distribution,272,mean_rmsd,6.914926073339921,,,angstrom,9875,20260718,1000,Accepted fixed-point-free permutation.
permutation_sample,random_target_derangement_distribution,273,mean_rmsd,6.96180638733393,,,angstrom,9875,20260718,1000,Accepted fixed-point-free permutation.
permutation_sample,random_target_derangement_distribution,274,mean_rmsd,6.894808815642248,,,angstrom,9875,20260718,1000,Accepted fixed-point-free permutation.
permutation_sample,random_target_derangement_distribution,275,mean_rmsd,6.9245762287453765,,,angstrom,9875,20260718,1000,Accepted fixed-point-free permutation.
permutation_sample,random_target_derangement_distribution,276,mean_rmsd,6.883488981090015,,,angstrom,9875,20260718,1000,Accepted fixed-point-free permutation.
permutation_sample,random_target_derangement_distribution,277,mean_rmsd,6.925955130782309,,,angstrom,9875,20260718,1000,Accepted fixed-point-free permutation.
permutation_sample,random_target_derangement_distribution,278,mean_rmsd,6.899802412117584,,,angstrom,9875,20260718,1000,Accepted fixed-point-free permutation.
permutation_sample,random_target_derangement_distribution,279,mean_rmsd,6.905987052350105,,,angstrom,9875,20260718,1000,Accepted fixed-point-free permutation.
permutation_sample,random_target_derangement_distribution,280,mean_rmsd,6.942222488439536,,,angstrom,9875,20260718,1000,Accepted fixed-point-free permutation.
permutation_sample,random_target_derangement_distribution,281,mean_rmsd,6.9140449432179905,,,angstrom,9875,20260718,1000,Accepted fixed-point-free permutation.
permutation_sample,random_target_derangement_distribution,282,mean_rmsd,6.931958130824415,,,angstrom,9875,20260718,1000,Accepted fixed-point-free permutation.
permutation_sample,random_target_derangement_distribution,283,mean_rmsd,6.913674455606485,,,angstrom,9875,20260718,1000,Accepted fixed-point-free permutation.
permutation_sample,random_target_derangement_distribution,284,mean_rmsd,6.880249390879764,,,angstrom,9875,20260718,1000,Accepted fixed-point-free permutation.
permutation_sample,random_target_derangement_distribution,285,mean_rmsd,6.904368226232409,,,angstrom,9875,20260718,1000,Accepted fixed-point-free permutation.
permutation_sample,random_target_derangement_distribution,286,mean_rmsd,6.8954006272931645,,,angstrom,9875,20260718,1000,Accepted fixed-point-free permutation.
permutation_sample,random_target_derangement_distribution,287,mean_rmsd,6.936329995541634,,,angstrom,9875,20260718,1000,Accepted fixed-point-free permutation.
permutation_sample,random_target_derangement_distribution,288,mean_rmsd,6.895410987093479,,,angstrom,9875,20260718,1000,Accepted fixed-point-free permutation.
permutation_sample,random_target_derangement_distribution,289,mean_rmsd,6.930850494336479,,,angstrom,9875,20260718,1000,Accepted fixed-point-free permutation.
permutation_sample,random_target_derangement_distribution,290,mean_rmsd,6.927852811282195,,,angstrom,9875,20260718,1000,Accepted fixed-point-free permutation.
permutation_sample,random_target_derangement_distribution,291,mean_rmsd,6.919253024656562,,,angstrom,9875,20260718,1000,Accepted fixed-point-free permutation.
permutation_sample,random_target_derangement_distribution,292,mean_rmsd,6.913225049393087,,,angstrom,9875,20260718,1000,Accepted fixed-point-free permutation.
permutation_sample,random_target_derangement_distribution,293,mean_rmsd,6.921803123039536,,,angstrom,9875,20260718,1000,Accepted fixed-point-free permutation.
permutation_sample,random_target_derangement_distribution,294,mean_rmsd,6.88211510101753,,,angstrom,9875,20260718,1000,Accepted fixed-point-free permutation.
permutation_sample,random_target_derangement_distribution,295,mean_rmsd,6.939702301339259,,,angstrom,9875,20260718,1000,Accepted fixed-point-free permutation.
permutation_sample,random_target_derangement_distribution,296,mean_rmsd,6.946421532063545,,,angstrom,9875,20260718,1000,Accepted fixed-point-free permutation.
permutation_sample,random_target_derangement_distribution,297,mean_rmsd,6.9183765832563,,,angstrom,9875,20260718,1000,Accepted fixed-point-free permutation.
permutation_sample,random_target_derangement_distribution,298,mean_rmsd,6.925048788879492,,,angstrom,9875,20260718,1000,Accepted fixed-point-free permutation.
permutation_sample,random_target_derangement_distribution,299,mean_rmsd,6.902640595411953,,,angstrom,9875,20260718,1000,Accepted fixed-point-free permutation.
permutation_sample,random_target_derangement_distribution,300,mean_rmsd,6.90864054636412,,,angstrom,9875,20260718,1000,Accepted fixed-point-free permutation.
permutation_sample,random_target_derangement_distribution,301,mean_rmsd,6.934328703047354,,,angstrom,9875,20260718,1000,Accepted fixed-point-free permutation.
permutation_sample,random_target_derangement_distribution,302,mean_rmsd,6.915016895620129,,,angstrom,9875,20260718,1000,Accepted fixed-point-free permutation.
permutation_sample,random_target_derangement_distribution,303,mean_rmsd,6.925551024292089,,,angstrom,9875,20260718,1000,Accepted fixed-point-free permutation.
permutation_sample,random_target_derangement_distribution,304,mean_rmsd,6.950937709337548,,,angstrom,9875,20260718,1000,Accepted fixed-point-free permutation.
permutation_sample,random_target_derangement_distribution,305,mean_rmsd,6.898629176550274,,,angstrom,9875,20260718,1000,Accepted fixed-point-free permutation.
permutation_sample,random_target_derangement_distribution,306,mean_rmsd,6.929963602609273,,,angstrom,9875,20260718,1000,Accepted fixed-point-free permutation.
permutation_sample,random_target_derangement_distribution,307,mean_rmsd,6.922350577112995,,,angstrom,9875,20260718,1000,Accepted fixed-point-free permutation.
permutation_sample,random_target_derangement_distribution,308,mean_rmsd,6.94684231502195,,,angstrom,9875,20260718,1000,Accepted fixed-point-free permutation.
permutation_sample,random_target_derangement_distribution,309,mean_rmsd,6.924175021207786,,,angstrom,9875,20260718,1000,Accepted fixed-point-free permutation.
permutation_sample,random_target_derangement_distribution,310,mean_rmsd,6.935028511264656,,,angstrom,9875,20260718,1000,Accepted fixed-point-free permutation.
permutation_sample,random_target_derangement_distribution,311,mean_rmsd,6.930617053007778,,,angstrom,9875,20260718,1000,Accepted fixed-point-free permutation.
permutation_sample,random_target_derangement_distribution,312,mean_rmsd,6.9305112798304505,,,angstrom,9875,20260718,1000,Accepted fixed-point-free permutation.
permutation_sample,random_target_derangement_distribution,313,mean_rmsd,6.916275686686553,,,angstrom,9875,20260718,1000,Accepted fixed-point-free permutation.
permutation_sample,random_target_derangement_distribution,314,mean_rmsd,6.934571244831327,,,angstrom,9875,20260718,1000,Accepted fixed-point-free permutation.
permutation_sample,random_target_derangement_distribution,315,mean_rmsd,6.934186725725102,,,angstrom,9875,20260718,1000,Accepted fixed-point-free permutation.
permutation_sample,random_target_derangement_distribution,316,mean_rmsd,6.924370455886745,,,angstrom,9875,20260718,1000,Accepted fixed-point-free permutation.
permutation_sample,random_target_derangement_distribution,317,mean_rmsd,6.938198598463324,,,angstrom,9875,20260718,1000,Accepted fixed-point-free permutation.
permutation_sample,random_target_derangement_distribution,318,mean_rmsd,6.890606452990182,,,angstrom,9875,20260718,1000,Accepted fixed-point-free permutation.
permutation_sample,random_target_derangement_distribution,319,mean_rmsd,6.9284503075563455,,,angstrom,9875,20260718,1000,Accepted fixed-point-free permutation.
permutation_sample,random_target_derangement_distribution,320,mean_rmsd,6.91998505075672,,,angstrom,9875,20260718,1000,Accepted fixed-point-free permutation.
permutation_sample,random_target_derangement_distribution,321,mean_rmsd,6.929139272074156,,,angstrom,9875,20260718,1000,Accepted fixed-point-free permutation.
permutation_sample,random_target_derangement_distribution,322,mean_rmsd,6.936684853396839,,,angstrom,9875,20260718,1000,Accepted fixed-point-free permutation.
permutation_sample,random_target_derangement_distribution,323,mean_rmsd,6.912402699808531,,,angstrom,9875,20260718,1000,Accepted fixed-point-free permutation.
permutation_sample,random_target_derangement_distribution,324,mean_rmsd,6.930652392906479,,,angstrom,9875,20260718,1000,Accepted fixed-point-free permutation.
permutation_sample,random_target_derangement_distribution,325,mean_rmsd,6.90770080002652,,,angstrom,9875,20260718,1000,Accepted fixed-point-free permutation.
permutation_sample,random_target_derangement_distribution,326,mean_rmsd,6.932817649116999,,,angstrom,9875,20260718,1000,Accepted fixed-point-free permutation.
permutation_sample,random_target_derangement_distribution,327,mean_rmsd,6.895336377795739,,,angstrom,9875,20260718,1000,Accepted fixed-point-free permutation.
permutation_sample,random_target_derangement_distribution,328,mean_rmsd,6.9258426742433,,,angstrom,9875,20260718,1000,Accepted fixed-point-free permutation.
permutation_sample,random_target_derangement_distribution,329,mean_rmsd,6.9189301834951475,,,angstrom,9875,20260718,1000,Accepted fixed-point-free permutation.
permutation_sample,random_target_derangement_distribution,330,mean_rmsd,6.891129251793971,,,angstrom,9875,20260718,1000,Accepted fixed-point-free permutation.
permutation_sample,random_target_derangement_distribution,331,mean_rmsd,6.883645756528348,,,angstrom,9875,20260718,1000,Accepted fixed-point-free permutation.
permutation_sample,random_target_derangement_distribution,332,mean_rmsd,6.973387371473675,,,angstrom,9875,20260718,1000,Accepted fixed-point-free permutation.
permutation_sample,random_target_derangement_distribution,333,mean_rmsd,6.9160059844029105,,,angstrom,9875,20260718,1000,Accepted fixed-point-free permutation.
permutation_sample,random_target_derangement_distribution,334,mean_rmsd,6.961377183865897,,,angstrom,9875,20260718,1000,Accepted fixed-point-free permutation.
permutation_sample,random_target_derangement_distribution,335,mean_rmsd,6.887680593864828,,,angstrom,9875,20260718,1000,Accepted fixed-point-free permutation.
permutation_sample,random_target_derangement_distribution,336,mean_rmsd,6.884795987225787,,,angstrom,9875,20260718,1000,Accepted fixed-point-free permutation.
permutation_sample,random_target_derangement_distribution,337,mean_rmsd,6.9322235506637195,,,angstrom,9875,20260718,1000,Accepted fixed-point-free permutation.
permutation_sample,random_target_derangement_distribution,338,mean_rmsd,6.91185029173501,,,angstrom,9875,20260718,1000,Accepted fixed-point-free permutation.
permutation_sample,random_target_derangement_distribution,339,mean_rmsd,6.924292063230201,,,angstrom,9875,20260718,1000,Accepted fixed-point-free permutation.
permutation_sample,random_target_derangement_distribution,340,mean_rmsd,6.921003770309159,,,angstrom,9875,20260718,1000,Accepted fixed-point-free permutation.
permutation_sample,random_target_derangement_distribution,341,mean_rmsd,6.9097142427058165,,,angstrom,9875,20260718,1000,Accepted fixed-point-free permutation.
permutation_sample,random_target_derangement_distribution,342,mean_rmsd,6.9061839215846,,,angstrom,9875,20260718,1000,Accepted fixed-point-free permutation.
permutation_sample,random_target_derangement_distribution,343,mean_rmsd,6.903290881289712,,,angstrom,9875,20260718,1000,Accepted fixed-point-free permutation.
permutation_sample,random_target_derangement_distribution,344,mean_rmsd,6.910052172636685,,,angstrom,9875,20260718,1000,Accepted fixed-point-free permutation.
permutation_sample,random_target_derangement_distribution,345,mean_rmsd,6.919893532885781,,,angstrom,9875,20260718,1000,Accepted fixed-point-free permutation.
permutation_sample,random_target_derangement_distribution,346,mean_rmsd,6.920557901165154,,,angstrom,9875,20260718,1000,Accepted fixed-point-free permutation.
permutation_sample,random_target_derangement_distribution,347,mean_rmsd,6.936359072757673,,,angstrom,9875,20260718,1000,Accepted fixed-point-free permutation.
permutation_sample,random_target_derangement_distribution,348,mean_rmsd,6.919948492026028,,,angstrom,9875,20260718,1000,Accepted fixed-point-free permutation.
permutation_sample,random_target_derangement_distribution,349,mean_rmsd,6.923760018348695,,,angstrom,9875,20260718,1000,Accepted fixed-point-free permutation.
permutation_sample,random_target_derangement_distribution,350,mean_rmsd,6.864811674588844,,,angstrom,9875,20260718,1000,Accepted fixed-point-free permutation.
permutation_sample,random_target_derangement_distribution,351,mean_rmsd,6.921076349149777,,,angstrom,9875,20260718,1000,Accepted fixed-point-free permutation.
permutation_sample,random_target_derangement_distribution,352,mean_rmsd,6.904437771664391,,,angstrom,9875,20260718,1000,Accepted fixed-point-free permutation.
permutation_sample,random_target_derangement_distribution,353,mean_rmsd,6.916813516363313,,,angstrom,9875,20260718,1000,Accepted fixed-point-free permutation.
permutation_sample,random_target_derangement_distribution,354,mean_rmsd,6.942242508972748,,,angstrom,9875,20260718,1000,Accepted fixed-point-free permutation.
permutation_sample,random_target_derangement_distribution,355,mean_rmsd,6.8857498953251906,,,angstrom,9875,20260718,1000,Accepted fixed-point-free permutation.
permutation_sample,random_target_derangement_distribution,356,mean_rmsd,6.928664985294584,,,angstrom,9875,20260718,1000,Accepted fixed-point-free permutation.
permutation_sample,random_target_derangement_distribution,357,mean_rmsd,6.945143904166886,,,angstrom,9875,20260718,1000,Accepted fixed-point-free permutation.
permutation_sample,random_target_derangement_distribution,358,mean_rmsd,6.888442001547995,,,angstrom,9875,20260718,1000,Accepted fixed-point-free permutation.
permutation_sample,random_target_derangement_distribution,359,mean_rmsd,6.931647216289859,,,angstrom,9875,20260718,1000,Accepted fixed-point-free permutation.
permutation_sample,random_target_derangement_distribution,360,mean_rmsd,6.913634128679203,,,angstrom,9875,20260718,1000,Accepted fixed-point-free permutation.
permutation_sample,random_target_derangement_distribution,361,mean_rmsd,6.917959897149967,,,angstrom,9875,20260718,1000,Accepted fixed-point-free permutation.
permutation_sample,random_target_derangement_distribution,362,mean_rmsd,6.911241774909104,,,angstrom,9875,20260718,1000,Accepted fixed-point-free permutation.
permutation_sample,random_target_derangement_distribution,363,mean_rmsd,6.920925999629347,,,angstrom,9875,20260718,1000,Accepted fixed-point-free permutation.
permutation_sample,random_target_derangement_distribution,364,mean_rmsd,6.904018822609625,,,angstrom,9875,20260718,1000,Accepted fixed-point-free permutation.
permutation_sample,random_target_derangement_distribution,365,mean_rmsd,6.905333089611199,,,angstrom,9875,20260718,1000,Accepted fixed-point-free permutation.
permutation_sample,random_target_derangement_distribution,366,mean_rmsd,6.926699418888817,,,angstrom,9875,20260718,1000,Accepted fixed-point-free permutation.
permutation_sample,random_target_derangement_distribution,367,mean_rmsd,6.935039737616914,,,angstrom,9875,20260718,1000,Accepted fixed-point-free permutation.
permutation_sample,random_target_derangement_distribution,368,mean_rmsd,6.893335932043534,,,angstrom,9875,20260718,1000,Accepted fixed-point-free permutation.
permutation_sample,random_target_derangement_distribution,369,mean_rmsd,6.919778746882572,,,angstrom,9875,20260718,1000,Accepted fixed-point-free permutation.
permutation_sample,random_target_derangement_distribution,370,mean_rmsd,6.923279926324193,,,angstrom,9875,20260718,1000,Accepted fixed-point-free permutation.
permutation_sample,random_target_derangement_distribution,371,mean_rmsd,6.901722045862223,,,angstrom,9875,20260718,1000,Accepted fixed-point-free permutation.
permutation_sample,random_target_derangement_distribution,372,mean_rmsd,6.8910921989151195,,,angstrom,9875,20260718,1000,Accepted fixed-point-free permutation.
permutation_sample,random_target_derangement_distribution,373,mean_rmsd,6.92592853396452,,,angstrom,9875,20260718,1000,Accepted fixed-point-free permutation.
permutation_sample,random_target_derangement_distribution,374,mean_rmsd,6.892443708842314,,,angstrom,9875,20260718,1000,Accepted fixed-point-free permutation.
permutation_sample,random_target_derangement_distribution,375,mean_rmsd,6.92128584812261,,,angstrom,9875,20260718,1000,Accepted fixed-point-free permutation.
permutation_sample,random_target_derangement_distribution,376,mean_rmsd,6.882350047063224,,,angstrom,9875,20260718,1000,Accepted fixed-point-free permutation.
permutation_sample,random_target_derangement_distribution,377,mean_rmsd,6.9288864340963245,,,angstrom,9875,20260718,1000,Accepted fixed-point-free permutation.
permutation_sample,random_target_derangement_distribution,378,mean_rmsd,6.940428639967231,,,angstrom,9875,20260718,1000,Accepted fixed-point-free permutation.
permutation_sample,random_target_derangement_distribution,379,mean_rmsd,6.920362584427942,,,angstrom,9875,20260718,1000,Accepted fixed-point-free permutation.
permutation_sample,random_target_derangement_distribution,380,mean_rmsd,6.877819875282578,,,angstrom,9875,20260718,1000,Accepted fixed-point-free permutation.
permutation_sample,random_target_derangement_distribution,381,mean_rmsd,6.922073735575133,,,angstrom,9875,20260718,1000,Accepted fixed-point-free permutation.
permutation_sample,random_target_derangement_distribution,382,mean_rmsd,6.914098828388166,,,angstrom,9875,20260718,1000,Accepted fixed-point-free permutation.
permutation_sample,random_target_derangement_distribution,383,mean_rmsd,6.930871984976757,,,angstrom,9875,20260718,1000,Accepted fixed-point-free permutation.
permutation_sample,random_target_derangement_distribution,384,mean_rmsd,6.874024647712708,,,angstrom,9875,20260718,1000,Accepted fixed-point-free permutation.
permutation_sample,random_target_derangement_distribution,385,mean_rmsd,6.905599415187595,,,angstrom,9875,20260718,1000,Accepted fixed-point-free permutation.
permutation_sample,random_target_derangement_distribution,386,mean_rmsd,6.894699054645587,,,angstrom,9875,20260718,1000,Accepted fixed-point-free permutation.
permutation_sample,random_target_derangement_distribution,387,mean_rmsd,6.921653912990909,,,angstrom,9875,20260718,1000,Accepted fixed-point-free permutation.
permutation_sample,random_target_derangement_distribution,388,mean_rmsd,6.934376008842565,,,angstrom,9875,20260718,1000,Accepted fixed-point-free permutation.
permutation_sample,random_target_derangement_distribution,389,mean_rmsd,6.924687757890436,,,angstrom,9875,20260718,1000,Accepted fixed-point-free permutation.
permutation_sample,random_target_derangement_distribution,390,mean_rmsd,6.9267392995568775,,,angstrom,9875,20260718,1000,Accepted fixed-point-free permutation.
permutation_sample,random_target_derangement_distribution,391,mean_rmsd,6.922055764065513,,,angstrom,9875,20260718,1000,Accepted fixed-point-free permutation.
permutation_sample,random_target_derangement_distribution,392,mean_rmsd,6.903093069861208,,,angstrom,9875,20260718,1000,Accepted fixed-point-free permutation.
permutation_sample,random_target_derangement_distribution,393,mean_rmsd,6.9355214791358275,,,angstrom,9875,20260718,1000,Accepted fixed-point-free permutation.
permutation_sample,random_target_derangement_distribution,394,mean_rmsd,6.919065852732598,,,angstrom,9875,20260718,1000,Accepted fixed-point-free permutation.
permutation_sample,random_target_derangement_distribution,395,mean_rmsd,6.949662390853786,,,angstrom,9875,20260718,1000,Accepted fixed-point-free permutation.
permutation_sample,random_target_derangement_distribution,396,mean_rmsd,6.922657949930505,,,angstrom,9875,20260718,1000,Accepted fixed-point-free permutation.
permutation_sample,random_target_derangement_distribution,397,mean_rmsd,6.9501129584372805,,,angstrom,9875,20260718,1000,Accepted fixed-point-free permutation.
permutation_sample,random_target_derangement_distribution,398,mean_rmsd,6.916782856796361,,,angstrom,9875,20260718,1000,Accepted fixed-point-free permutation.
permutation_sample,random_target_derangement_distribution,399,mean_rmsd,6.892613750831991,,,angstrom,9875,20260718,1000,Accepted fixed-point-free permutation.
permutation_sample,random_target_derangement_distribution,400,mean_rmsd,6.9462039272091065,,,angstrom,9875,20260718,1000,Accepted fixed-point-free permutation.
permutation_sample,random_target_derangement_distribution,401,mean_rmsd,6.893205807118477,,,angstrom,9875,20260718,1000,Accepted fixed-point-free permutation.
permutation_sample,random_target_derangement_distribution,402,mean_rmsd,6.9290474075848545,,,angstrom,9875,20260718,1000,Accepted fixed-point-free permutation.
permutation_sample,random_target_derangement_distribution,403,mean_rmsd,6.909834068660495,,,angstrom,9875,20260718,1000,Accepted fixed-point-free permutation.
permutation_sample,random_target_derangement_distribution,404,mean_rmsd,6.9338497305157825,,,angstrom,9875,20260718,1000,Accepted fixed-point-free permutation.
permutation_sample,random_target_derangement_distribution,405,mean_rmsd,6.919627088860621,,,angstrom,9875,20260718,1000,Accepted fixed-point-free permutation.
permutation_sample,random_target_derangement_distribution,406,mean_rmsd,6.9186752007158505,,,angstrom,9875,20260718,1000,Accepted fixed-point-free permutation.
permutation_sample,random_target_derangement_distribution,407,mean_rmsd,6.910724480858333,,,angstrom,9875,20260718,1000,Accepted fixed-point-free permutation.
permutation_sample,random_target_derangement_distribution,408,mean_rmsd,6.937887118641335,,,angstrom,9875,20260718,1000,Accepted fixed-point-free permutation.
permutation_sample,random_target_derangement_distribution,409,mean_rmsd,6.945426291345042,,,angstrom,9875,20260718,1000,Accepted fixed-point-free permutation.
permutation_sample,random_target_derangement_distribution,410,mean_rmsd,6.9080504063835635,,,angstrom,9875,20260718,1000,Accepted fixed-point-free permutation.
permutation_sample,random_target_derangement_distribution,411,mean_rmsd,6.9169725692242015,,,angstrom,9875,20260718,1000,Accepted fixed-point-free permutation.
permutation_sample,random_target_derangement_distribution,412,mean_rmsd,6.893060992554774,,,angstrom,9875,20260718,1000,Accepted fixed-point-free permutation.
permutation_sample,random_target_derangement_distribution,413,mean_rmsd,6.9307836327130286,,,angstrom,9875,20260718,1000,Accepted fixed-point-free permutation.
permutation_sample,random_target_derangement_distribution,414,mean_rmsd,6.92802408986152,,,angstrom,9875,20260718,1000,Accepted fixed-point-free permutation.
permutation_sample,random_target_derangement_distribution,415,mean_rmsd,6.9045842310024215,,,angstrom,9875,20260718,1000,Accepted fixed-point-free permutation.
permutation_sample,random_target_derangement_distribution,416,mean_rmsd,6.92471820851821,,,angstrom,9875,20260718,1000,Accepted fixed-point-free permutation.
permutation_sample,random_target_derangement_distribution,417,mean_rmsd,6.906072399960289,,,angstrom,9875,20260718,1000,Accepted fixed-point-free permutation.
permutation_sample,random_target_derangement_distribution,418,mean_rmsd,6.9255401873045335,,,angstrom,9875,20260718,1000,Accepted fixed-point-free permutation.
permutation_sample,random_target_derangement_distribution,419,mean_rmsd,6.91765135297896,,,angstrom,9875,20260718,1000,Accepted fixed-point-free permutation.
permutation_sample,random_target_derangement_distribution,420,mean_rmsd,6.926534897719758,,,angstrom,9875,20260718,1000,Accepted fixed-point-free permutation.
permutation_sample,random_target_derangement_distribution,421,mean_rmsd,6.901584369768071,,,angstrom,9875,20260718,1000,Accepted fixed-point-free permutation.
permutation_sample,random_target_derangement_distribution,422,mean_rmsd,6.9165478741126725,,,angstrom,9875,20260718,1000,Accepted fixed-point-free permutation.
permutation_sample,random_target_derangement_distribution,423,mean_rmsd,6.908065393351301,,,angstrom,9875,20260718,1000,Accepted fixed-point-free permutation.
permutation_sample,random_target_derangement_distribution,424,mean_rmsd,6.927747862683067,,,angstrom,9875,20260718,1000,Accepted fixed-point-free permutation.
permutation_sample,random_target_derangement_distribution,425,mean_rmsd,6.912949989620643,,,angstrom,9875,20260718,1000,Accepted fixed-point-free permutation.
permutation_sample,random_target_derangement_distribution,426,mean_rmsd,6.908053056547914,,,angstrom,9875,20260718,1000,Accepted fixed-point-free permutation.
permutation_sample,random_target_derangement_distribution,427,mean_rmsd,6.909581594008434,,,angstrom,9875,20260718,1000,Accepted fixed-point-free permutation.
permutation_sample,random_target_derangement_distribution,428,mean_rmsd,6.8773025007972235,,,angstrom,9875,20260718,1000,Accepted fixed-point-free permutation.
permutation_sample,random_target_derangement_distribution,429,mean_rmsd,6.92303942132298,,,angstrom,9875,20260718,1000,Accepted fixed-point-free permutation.
permutation_sample,random_target_derangement_distribution,430,mean_rmsd,6.918273975046375,,,angstrom,9875,20260718,1000,Accepted fixed-point-free permutation.
permutation_sample,random_target_derangement_distribution,431,mean_rmsd,6.9191482957284665,,,angstrom,9875,20260718,1000,Accepted fixed-point-free permutation.
permutation_sample,random_target_derangement_distribution,432,mean_rmsd,6.902717175809643,,,angstrom,9875,20260718,1000,Accepted fixed-point-free permutation.
permutation_sample,random_target_derangement_distribution,433,mean_rmsd,6.909363090080551,,,angstrom,9875,20260718,1000,Accepted fixed-point-free permutation.
permutation_sample,random_target_derangement_distribution,434,mean_rmsd,6.925487604950048,,,angstrom,9875,20260718,1000,Accepted fixed-point-free permutation.
permutation_sample,random_target_derangement_distribution,435,mean_rmsd,6.894540033207664,,,angstrom,9875,20260718,1000,Accepted fixed-point-free permutation.
permutation_sample,random_target_derangement_distribution,436,mean_rmsd,6.8987180143911635,,,angstrom,9875,20260718,1000,Accepted fixed-point-free permutation.
permutation_sample,random_target_derangement_distribution,437,mean_rmsd,6.921238301566885,,,angstrom,9875,20260718,1000,Accepted fixed-point-free permutation.
permutation_sample,random_target_derangement_distribution,438,mean_rmsd,6.914004892131951,,,angstrom,9875,20260718,1000,Accepted fixed-point-free permutation.
permutation_sample,random_target_derangement_distribution,439,mean_rmsd,6.89991377702544,,,angstrom,9875,20260718,1000,Accepted fixed-point-free permutation.
permutation_sample,random_target_derangement_distribution,440,mean_rmsd,6.913928407125836,,,angstrom,9875,20260718,1000,Accepted fixed-point-free permutation.
permutation_sample,random_target_derangement_distribution,441,mean_rmsd,6.9110927829621716,,,angstrom,9875,20260718,1000,Accepted fixed-point-free permutation.
permutation_sample,random_target_derangement_distribution,442,mean_rmsd,6.918803164445902,,,angstrom,9875,20260718,1000,Accepted fixed-point-free permutation.
permutation_sample,random_target_derangement_distribution,443,mean_rmsd,6.944145796787891,,,angstrom,9875,20260718,1000,Accepted fixed-point-free permutation.
permutation_sample,random_target_derangement_distribution,444,mean_rmsd,6.8920644054412845,,,angstrom,9875,20260718,1000,Accepted fixed-point-free permutation.
permutation_sample,random_target_derangement_distribution,445,mean_rmsd,6.901887637234942,,,angstrom,9875,20260718,1000,Accepted fixed-point-free permutation.
permutation_sample,random_target_derangement_distribution,446,mean_rmsd,6.8971773373688325,,,angstrom,9875,20260718,1000,Accepted fixed-point-free permutation.
permutation_sample,random_target_derangement_distribution,447,mean_rmsd,6.906656326559526,,,angstrom,9875,20260718,1000,Accepted fixed-point-free permutation.
permutation_sample,random_target_derangement_distribution,448,mean_rmsd,6.896272018999993,,,angstrom,9875,20260718,1000,Accepted fixed-point-free permutation.
permutation_sample,random_target_derangement_distribution,449,mean_rmsd,6.912925252021114,,,angstrom,9875,20260718,1000,Accepted fixed-point-free permutation.
permutation_sample,random_target_derangement_distribution,450,mean_rmsd,6.911456884673879,,,angstrom,9875,20260718,1000,Accepted fixed-point-free permutation.
permutation_sample,random_target_derangement_distribution,451,mean_rmsd,6.940389366427555,,,angstrom,9875,20260718,1000,Accepted fixed-point-free permutation.
permutation_sample,random_target_derangement_distribution,452,mean_rmsd,6.950468447178225,,,angstrom,9875,20260718,1000,Accepted fixed-point-free permutation.
permutation_sample,random_target_derangement_distribution,453,mean_rmsd,6.926691014350215,,,angstrom,9875,20260718,1000,Accepted fixed-point-free permutation.
permutation_sample,random_target_derangement_distribution,454,mean_rmsd,6.906486832184128,,,angstrom,9875,20260718,1000,Accepted fixed-point-free permutation.
permutation_sample,random_target_derangement_distribution,455,mean_rmsd,6.910414792471294,,,angstrom,9875,20260718,1000,Accepted fixed-point-free permutation.
permutation_sample,random_target_derangement_distribution,456,mean_rmsd,6.929478912160367,,,angstrom,9875,20260718,1000,Accepted fixed-point-free permutation.
permutation_sample,random_target_derangement_distribution,457,mean_rmsd,6.905191215913508,,,angstrom,9875,20260718,1000,Accepted fixed-point-free permutation.
permutation_sample,random_target_derangement_distribution,458,mean_rmsd,6.912943245537674,,,angstrom,9875,20260718,1000,Accepted fixed-point-free permutation.
permutation_sample,random_target_derangement_distribution,459,mean_rmsd,6.911151065935063,,,angstrom,9875,20260718,1000,Accepted fixed-point-free permutation.
permutation_sample,random_target_derangement_distribution,460,mean_rmsd,6.955719478583035,,,angstrom,9875,20260718,1000,Accepted fixed-point-free permutation.
permutation_sample,random_target_derangement_distribution,461,mean_rmsd,6.936143479129936,,,angstrom,9875,20260718,1000,Accepted fixed-point-free permutation.
permutation_sample,random_target_derangement_distribution,462,mean_rmsd,6.912984451245658,,,angstrom,9875,20260718,1000,Accepted fixed-point-free permutation.
permutation_sample,random_target_derangement_distribution,463,mean_rmsd,6.930737406839299,,,angstrom,9875,20260718,1000,Accepted fixed-point-free permutation.
permutation_sample,random_target_derangement_distribution,464,mean_rmsd,6.915945504924919,,,angstrom,9875,20260718,1000,Accepted fixed-point-free permutation.
permutation_sample,random_target_derangement_distribution,465,mean_rmsd,6.913465754448613,,,angstrom,9875,20260718,1000,Accepted fixed-point-free permutation.
permutation_sample,random_target_derangement_distribution,466,mean_rmsd,6.919373891057848,,,angstrom,9875,20260718,1000,Accepted fixed-point-free permutation.
permutation_sample,random_target_derangement_distribution,467,mean_rmsd,6.887939158572427,,,angstrom,9875,20260718,1000,Accepted fixed-point-free permutation.
permutation_sample,random_target_derangement_distribution,468,mean_rmsd,6.9083650527905816,,,angstrom,9875,20260718,1000,Accepted fixed-point-free permutation.
permutation_sample,random_target_derangement_distribution,469,mean_rmsd,6.932680011097389,,,angstrom,9875,20260718,1000,Accepted fixed-point-free permutation.
permutation_sample,random_target_derangement_distribution,470,mean_rmsd,6.9084303451369085,,,angstrom,9875,20260718,1000,Accepted fixed-point-free permutation.
permutation_sample,random_target_derangement_distribution,471,mean_rmsd,6.930087422201906,,,angstrom,9875,20260718,1000,Accepted fixed-point-free permutation.
permutation_sample,random_target_derangement_distribution,472,mean_rmsd,6.909001863105388,,,angstrom,9875,20260718,1000,Accepted fixed-point-free permutation.
permutation_sample,random_target_derangement_distribution,473,mean_rmsd,6.929585279295717,,,angstrom,9875,20260718,1000,Accepted fixed-point-free permutation.
permutation_sample,random_target_derangement_distribution,474,mean_rmsd,6.950708886979502,,,angstrom,9875,20260718,1000,Accepted fixed-point-free permutation.
permutation_sample,random_target_derangement_distribution,475,mean_rmsd,6.899363308882412,,,angstrom,9875,20260718,1000,Accepted fixed-point-free permutation.
permutation_sample,random_target_derangement_distribution,476,mean_rmsd,6.901457090172587,,,angstrom,9875,20260718,1000,Accepted fixed-point-free permutation.
permutation_sample,random_target_derangement_distribution,477,mean_rmsd,6.91165549302403,,,angstrom,9875,20260718,1000,Accepted fixed-point-free permutation.
permutation_sample,random_target_derangement_distribution,478,mean_rmsd,6.896816164415094,,,angstrom,9875,20260718,1000,Accepted fixed-point-free permutation.
permutation_sample,random_target_derangement_distribution,479,mean_rmsd,6.943643423418456,,,angstrom,9875,20260718,1000,Accepted fixed-point-free permutation.
permutation_sample,random_target_derangement_distribution,480,mean_rmsd,6.915485645801207,,,angstrom,9875,20260718,1000,Accepted fixed-point-free permutation.
permutation_sample,random_target_derangement_distribution,481,mean_rmsd,6.888484013617794,,,angstrom,9875,20260718,1000,Accepted fixed-point-free permutation.
permutation_sample,random_target_derangement_distribution,482,mean_rmsd,6.933794941250283,,,angstrom,9875,20260718,1000,Accepted fixed-point-free permutation.
permutation_sample,random_target_derangement_distribution,483,mean_rmsd,6.892642300388482,,,angstrom,9875,20260718,1000,Accepted fixed-point-free permutation.
permutation_sample,random_target_derangement_distribution,484,mean_rmsd,6.920181599749795,,,angstrom,9875,20260718,1000,Accepted fixed-point-free permutation.
permutation_sample,random_target_derangement_distribution,485,mean_rmsd,6.899010987052435,,,angstrom,9875,20260718,1000,Accepted fixed-point-free permutation.
permutation_sample,random_target_derangement_distribution,486,mean_rmsd,6.91345921096319,,,angstrom,9875,20260718,1000,Accepted fixed-point-free permutation.
permutation_sample,random_target_derangement_distribution,487,mean_rmsd,6.926563002381144,,,angstrom,9875,20260718,1000,Accepted fixed-point-free permutation.
permutation_sample,random_target_derangement_distribution,488,mean_rmsd,6.90406545063212,,,angstrom,9875,20260718,1000,Accepted fixed-point-free permutation.
permutation_sample,random_target_derangement_distribution,489,mean_rmsd,6.915843288807929,,,angstrom,9875,20260718,1000,Accepted fixed-point-free permutation.
permutation_sample,random_target_derangement_distribution,490,mean_rmsd,6.894725230047975,,,angstrom,9875,20260718,1000,Accepted fixed-point-free permutation.
permutation_sample,random_target_derangement_distribution,491,mean_rmsd,6.898405356600315,,,angstrom,9875,20260718,1000,Accepted fixed-point-free permutation.
permutation_sample,random_target_derangement_distribution,492,mean_rmsd,6.93369913574412,,,angstrom,9875,20260718,1000,Accepted fixed-point-free permutation.
permutation_sample,random_target_derangement_distribution,493,mean_rmsd,6.919453723617747,,,angstrom,9875,20260718,1000,Accepted fixed-point-free permutation.
permutation_sample,random_target_derangement_distribution,494,mean_rmsd,6.935770163524,,,angstrom,9875,20260718,1000,Accepted fixed-point-free permutation.
permutation_sample,random_target_derangement_distribution,495,mean_rmsd,6.9274516923276686,,,angstrom,9875,20260718,1000,Accepted fixed-point-free permutation.
permutation_sample,random_target_derangement_distribution,496,mean_rmsd,6.902367000241823,,,angstrom,9875,20260718,1000,Accepted fixed-point-free permutation.
permutation_sample,random_target_derangement_distribution,497,mean_rmsd,6.925011086463929,,,angstrom,9875,20260718,1000,Accepted fixed-point-free permutation.
permutation_sample,random_target_derangement_distribution,498,mean_rmsd,6.9188633434923394,,,angstrom,9875,20260718,1000,Accepted fixed-point-free permutation.
permutation_sample,random_target_derangement_distribution,499,mean_rmsd,6.916919244935241,,,angstrom,9875,20260718,1000,Accepted fixed-point-free permutation.
permutation_sample,random_target_derangement_distribution,500,mean_rmsd,6.929307072144521,,,angstrom,9875,20260718,1000,Accepted fixed-point-free permutation.
permutation_sample,random_target_derangement_distribution,501,mean_rmsd,6.912458460614651,,,angstrom,9875,20260718,1000,Accepted fixed-point-free permutation.
permutation_sample,random_target_derangement_distribution,502,mean_rmsd,6.934701745697215,,,angstrom,9875,20260718,1000,Accepted fixed-point-free permutation.
permutation_sample,random_target_derangement_distribution,503,mean_rmsd,6.92416510613357,,,angstrom,9875,20260718,1000,Accepted fixed-point-free permutation.
permutation_sample,random_target_derangement_distribution,504,mean_rmsd,6.919420858805693,,,angstrom,9875,20260718,1000,Accepted fixed-point-free permutation.
permutation_sample,random_target_derangement_distribution,505,mean_rmsd,6.8877373092627225,,,angstrom,9875,20260718,1000,Accepted fixed-point-free permutation.
permutation_sample,random_target_derangement_distribution,506,mean_rmsd,6.930544833835167,,,angstrom,9875,20260718,1000,Accepted fixed-point-free permutation.
permutation_sample,random_target_derangement_distribution,507,mean_rmsd,6.902827560895607,,,angstrom,9875,20260718,1000,Accepted fixed-point-free permutation.
permutation_sample,random_target_derangement_distribution,508,mean_rmsd,6.891043095057524,,,angstrom,9875,20260718,1000,Accepted fixed-point-free permutation.
permutation_sample,random_target_derangement_distribution,509,mean_rmsd,6.918914516750771,,,angstrom,9875,20260718,1000,Accepted fixed-point-free permutation.
permutation_sample,random_target_derangement_distribution,510,mean_rmsd,6.928133389895476,,,angstrom,9875,20260718,1000,Accepted fixed-point-free permutation.
permutation_sample,random_target_derangement_distribution,511,mean_rmsd,6.931717527546461,,,angstrom,9875,20260718,1000,Accepted fixed-point-free permutation.
permutation_sample,random_target_derangement_distribution,512,mean_rmsd,6.918635342984261,,,angstrom,9875,20260718,1000,Accepted fixed-point-free permutation.
permutation_sample,random_target_derangement_distribution,513,mean_rmsd,6.922868471133558,,,angstrom,9875,20260718,1000,Accepted fixed-point-free permutation.
permutation_sample,random_target_derangement_distribution,514,mean_rmsd,6.924178561065771,,,angstrom,9875,20260718,1000,Accepted fixed-point-free permutation.
permutation_sample,random_target_derangement_distribution,515,mean_rmsd,6.922937082278578,,,angstrom,9875,20260718,1000,Accepted fixed-point-free permutation.
permutation_sample,random_target_derangement_distribution,516,mean_rmsd,6.914724963212316,,,angstrom,9875,20260718,1000,Accepted fixed-point-free permutation.
permutation_sample,random_target_derangement_distribution,517,mean_rmsd,6.885967804981184,,,angstrom,9875,20260718,1000,Accepted fixed-point-free permutation.
permutation_sample,random_target_derangement_distribution,518,mean_rmsd,6.929087143801436,,,angstrom,9875,20260718,1000,Accepted fixed-point-free permutation.
permutation_sample,random_target_derangement_distribution,519,mean_rmsd,6.912377332083787,,,angstrom,9875,20260718,1000,Accepted fixed-point-free permutation.
permutation_sample,random_target_derangement_distribution,520,mean_rmsd,6.915372454522531,,,angstrom,9875,20260718,1000,Accepted fixed-point-free permutation.
permutation_sample,random_target_derangement_distribution,521,mean_rmsd,6.914416482189034,,,angstrom,9875,20260718,1000,Accepted fixed-point-free permutation.
permutation_sample,random_target_derangement_distribution,522,mean_rmsd,6.884424722309355,,,angstrom,9875,20260718,1000,Accepted fixed-point-free permutation.
permutation_sample,random_target_derangement_distribution,523,mean_rmsd,6.915253056055383,,,angstrom,9875,20260718,1000,Accepted fixed-point-free permutation.
permutation_sample,random_target_derangement_distribution,524,mean_rmsd,6.921547698793533,,,angstrom,9875,20260718,1000,Accepted fixed-point-free permutation.
permutation_sample,random_target_derangement_distribution,525,mean_rmsd,6.931543573777887,,,angstrom,9875,20260718,1000,Accepted fixed-point-free permutation.
permutation_sample,random_target_derangement_distribution,526,mean_rmsd,6.91290387262272,,,angstrom,9875,20260718,1000,Accepted fixed-point-free permutation.
permutation_sample,random_target_derangement_distribution,527,mean_rmsd,6.8846298359134535,,,angstrom,9875,20260718,1000,Accepted fixed-point-free permutation.
permutation_sample,random_target_derangement_distribution,528,mean_rmsd,6.934575743711448,,,angstrom,9875,20260718,1000,Accepted fixed-point-free permutation.
permutation_sample,random_target_derangement_distribution,529,mean_rmsd,6.902461902075176,,,angstrom,9875,20260718,1000,Accepted fixed-point-free permutation.
permutation_sample,random_target_derangement_distribution,530,mean_rmsd,6.936918512356432,,,angstrom,9875,20260718,1000,Accepted fixed-point-free permutation.
permutation_sample,random_target_derangement_distribution,531,mean_rmsd,6.907973231629481,,,angstrom,9875,20260718,1000,Accepted fixed-point-free permutation.
permutation_sample,random_target_derangement_distribution,532,mean_rmsd,6.924296563184715,,,angstrom,9875,20260718,1000,Accepted fixed-point-free permutation.
permutation_sample,random_target_derangement_distribution,533,mean_rmsd,6.898848044540309,,,angstrom,9875,20260718,1000,Accepted fixed-point-free permutation.
permutation_sample,random_target_derangement_distribution,534,mean_rmsd,6.927415088798427,,,angstrom,9875,20260718,1000,Accepted fixed-point-free permutation.
permutation_sample,random_target_derangement_distribution,535,mean_rmsd,6.935894556081748,,,angstrom,9875,20260718,1000,Accepted fixed-point-free permutation.
permutation_sample,random_target_derangement_distribution,536,mean_rmsd,6.934488891420486,,,angstrom,9875,20260718,1000,Accepted fixed-point-free permutation.
permutation_sample,random_target_derangement_distribution,537,mean_rmsd,6.887024393057522,,,angstrom,9875,20260718,1000,Accepted fixed-point-free permutation.
permutation_sample,random_target_derangement_distribution,538,mean_rmsd,6.912691870278951,,,angstrom,9875,20260718,1000,Accepted fixed-point-free permutation.
permutation_sample,random_target_derangement_distribution,539,mean_rmsd,6.924083492339412,,,angstrom,9875,20260718,1000,Accepted fixed-point-free permutation.
permutation_sample,random_target_derangement_distribution,540,mean_rmsd,6.936714208711552,,,angstrom,9875,20260718,1000,Accepted fixed-point-free permutation.
permutation_sample,random_target_derangement_distribution,541,mean_rmsd,6.885444076876097,,,angstrom,9875,20260718,1000,Accepted fixed-point-free permutation.
permutation_sample,random_target_derangement_distribution,542,mean_rmsd,6.923235818995706,,,angstrom,9875,20260718,1000,Accepted fixed-point-free permutation.
permutation_sample,random_target_derangement_distribution,543,mean_rmsd,6.934814425094219,,,angstrom,9875,20260718,1000,Accepted fixed-point-free permutation.
permutation_sample,random_target_derangement_distribution,544,mean_rmsd,6.918032893784439,,,angstrom,9875,20260718,1000,Accepted fixed-point-free permutation.
permutation_sample,random_target_derangement_distribution,545,mean_rmsd,6.921949996706806,,,angstrom,9875,20260718,1000,Accepted fixed-point-free permutation.
permutation_sample,random_target_derangement_distribution,546,mean_rmsd,6.910090334940561,,,angstrom,9875,20260718,1000,Accepted fixed-point-free permutation.
permutation_sample,random_target_derangement_distribution,547,mean_rmsd,6.929184124343004,,,angstrom,9875,20260718,1000,Accepted fixed-point-free permutation.
permutation_sample,random_target_derangement_distribution,548,mean_rmsd,6.88996530572674,,,angstrom,9875,20260718,1000,Accepted fixed-point-free permutation.
permutation_sample,random_target_derangement_distribution,549,mean_rmsd,6.899680163190335,,,angstrom,9875,20260718,1000,Accepted fixed-point-free permutation.
permutation_sample,random_target_derangement_distribution,550,mean_rmsd,6.913267876238763,,,angstrom,9875,20260718,1000,Accepted fixed-point-free permutation.
permutation_sample,random_target_derangement_distribution,551,mean_rmsd,6.902260096791425,,,angstrom,9875,20260718,1000,Accepted fixed-point-free permutation.
permutation_sample,random_target_derangement_distribution,552,mean_rmsd,6.917821694555163,,,angstrom,9875,20260718,1000,Accepted fixed-point-free permutation.
permutation_sample,random_target_derangement_distribution,553,mean_rmsd,6.919748236016383,,,angstrom,9875,20260718,1000,Accepted fixed-point-free permutation.
permutation_sample,random_target_derangement_distribution,554,mean_rmsd,6.932338876639741,,,angstrom,9875,20260718,1000,Accepted fixed-point-free permutation.
permutation_sample,random_target_derangement_distribution,555,mean_rmsd,6.92434753776502,,,angstrom,9875,20260718,1000,Accepted fixed-point-free permutation.
permutation_sample,random_target_derangement_distribution,556,mean_rmsd,6.89417123023166,,,angstrom,9875,20260718,1000,Accepted fixed-point-free permutation.
permutation_sample,random_target_derangement_distribution,557,mean_rmsd,6.909527956878083,,,angstrom,9875,20260718,1000,Accepted fixed-point-free permutation.
permutation_sample,random_target_derangement_distribution,558,mean_rmsd,6.93602423775347,,,angstrom,9875,20260718,1000,Accepted fixed-point-free permutation.
permutation_sample,random_target_derangement_distribution,559,mean_rmsd,6.903356900710095,,,angstrom,9875,20260718,1000,Accepted fixed-point-free permutation.
permutation_sample,random_target_derangement_distribution,560,mean_rmsd,6.911067589771899,,,angstrom,9875,20260718,1000,Accepted fixed-point-free permutation.
permutation_sample,random_target_derangement_distribution,561,mean_rmsd,6.892882962999465,,,angstrom,9875,20260718,1000,Accepted fixed-point-free permutation.
permutation_sample,random_target_derangement_distribution,562,mean_rmsd,6.8765558098539525,,,angstrom,9875,20260718,1000,Accepted fixed-point-free permutation.
permutation_sample,random_target_derangement_distribution,563,mean_rmsd,6.9000204233338565,,,angstrom,9875,20260718,1000,Accepted fixed-point-free permutation.
permutation_sample,random_target_derangement_distribution,564,mean_rmsd,6.882593675082243,,,angstrom,9875,20260718,1000,Accepted fixed-point-free permutation.
permutation_sample,random_target_derangement_distribution,565,mean_rmsd,6.9060651456977755,,,angstrom,9875,20260718,1000,Accepted fixed-point-free permutation.
permutation_sample,random_target_derangement_distribution,566,mean_rmsd,6.935583184930343,,,angstrom,9875,20260718,1000,Accepted fixed-point-free permutation.
permutation_sample,random_target_derangement_distribution,567,mean_rmsd,6.894026024589056,,,angstrom,9875,20260718,1000,Accepted fixed-point-free permutation.
permutation_sample,random_target_derangement_distribution,568,mean_rmsd,6.920443031818052,,,angstrom,9875,20260718,1000,Accepted fixed-point-free permutation.
permutation_sample,random_target_derangement_distribution,569,mean_rmsd,6.918624067077154,,,angstrom,9875,20260718,1000,Accepted fixed-point-free permutation.
permutation_sample,random_target_derangement_distribution,570,mean_rmsd,6.897024936398374,,,angstrom,9875,20260718,1000,Accepted fixed-point-free permutation.
permutation_sample,random_target_derangement_distribution,571,mean_rmsd,6.9330950987248485,,,angstrom,9875,20260718,1000,Accepted fixed-point-free permutation.
permutation_sample,random_target_derangement_distribution,572,mean_rmsd,6.886006205220766,,,angstrom,9875,20260718,1000,Accepted fixed-point-free permutation.
permutation_sample,random_target_derangement_distribution,573,mean_rmsd,6.903505289258836,,,angstrom,9875,20260718,1000,Accepted fixed-point-free permutation.
permutation_sample,random_target_derangement_distribution,574,mean_rmsd,6.915592018501669,,,angstrom,9875,20260718,1000,Accepted fixed-point-free permutation.
permutation_sample,random_target_derangement_distribution,575,mean_rmsd,6.921797897954531,,,angstrom,9875,20260718,1000,Accepted fixed-point-free permutation.
permutation_sample,random_target_derangement_distribution,576,mean_rmsd,6.896149157125739,,,angstrom,9875,20260718,1000,Accepted fixed-point-free permutation.
permutation_sample,random_target_derangement_distribution,577,mean_rmsd,6.914131648425815,,,angstrom,9875,20260718,1000,Accepted fixed-point-free permutation.
permutation_sample,random_target_derangement_distribution,578,mean_rmsd,6.948738441612147,,,angstrom,9875,20260718,1000,Accepted fixed-point-free permutation.
permutation_sample,random_target_derangement_distribution,579,mean_rmsd,6.932281796660605,,,angstrom,9875,20260718,1000,Accepted fixed-point-free permutation.
permutation_sample,random_target_derangement_distribution,580,mean_rmsd,6.962345006725457,,,angstrom,9875,20260718,1000,Accepted fixed-point-free permutation.
permutation_sample,random_target_derangement_distribution,581,mean_rmsd,6.909250871815259,,,angstrom,9875,20260718,1000,Accepted fixed-point-free permutation.
permutation_sample,random_target_derangement_distribution,582,mean_rmsd,6.918736708918705,,,angstrom,9875,20260718,1000,Accepted fixed-point-free permutation.
permutation_sample,random_target_derangement_distribution,583,mean_rmsd,6.945218730793724,,,angstrom,9875,20260718,1000,Accepted fixed-point-free permutation.
permutation_sample,random_target_derangement_distribution,584,mean_rmsd,6.907866572730149,,,angstrom,9875,20260718,1000,Accepted fixed-point-free permutation.
permutation_sample,random_target_derangement_distribution,585,mean_rmsd,6.923773533688316,,,angstrom,9875,20260718,1000,Accepted fixed-point-free permutation.
permutation_sample,random_target_derangement_distribution,586,mean_rmsd,6.941941834172116,,,angstrom,9875,20260718,1000,Accepted fixed-point-free permutation.
permutation_sample,random_target_derangement_distribution,587,mean_rmsd,6.936698244915734,,,angstrom,9875,20260718,1000,Accepted fixed-point-free permutation.
permutation_sample,random_target_derangement_distribution,588,mean_rmsd,6.910576571066168,,,angstrom,9875,20260718,1000,Accepted fixed-point-free permutation.
permutation_sample,random_target_derangement_distribution,589,mean_rmsd,6.89641982658,,,angstrom,9875,20260718,1000,Accepted fixed-point-free permutation.
permutation_sample,random_target_derangement_distribution,590,mean_rmsd,6.898748359631889,,,angstrom,9875,20260718,1000,Accepted fixed-point-free permutation.
permutation_sample,random_target_derangement_distribution,591,mean_rmsd,6.942789026815681,,,angstrom,9875,20260718,1000,Accepted fixed-point-free permutation.
permutation_sample,random_target_derangement_distribution,592,mean_rmsd,6.939098832589162,,,angstrom,9875,20260718,1000,Accepted fixed-point-free permutation.
permutation_sample,random_target_derangement_distribution,593,mean_rmsd,6.904297443812407,,,angstrom,9875,20260718,1000,Accepted fixed-point-free permutation.
permutation_sample,random_target_derangement_distribution,594,mean_rmsd,6.921070382927038,,,angstrom,9875,20260718,1000,Accepted fixed-point-free permutation.
permutation_sample,random_target_derangement_distribution,595,mean_rmsd,6.938263363439826,,,angstrom,9875,20260718,1000,Accepted fixed-point-free permutation.
permutation_sample,random_target_derangement_distribution,596,mean_rmsd,6.939452722959881,,,angstrom,9875,20260718,1000,Accepted fixed-point-free permutation.
permutation_sample,random_target_derangement_distribution,597,mean_rmsd,6.891953317436991,,,angstrom,9875,20260718,1000,Accepted fixed-point-free permutation.
permutation_sample,random_target_derangement_distribution,598,mean_rmsd,6.910677890246428,,,angstrom,9875,20260718,1000,Accepted fixed-point-free permutation.
permutation_sample,random_target_derangement_distribution,599,mean_rmsd,6.926661933645418,,,angstrom,9875,20260718,1000,Accepted fixed-point-free permutation.
permutation_sample,random_target_derangement_distribution,600,mean_rmsd,6.919552304581751,,,angstrom,9875,20260718,1000,Accepted fixed-point-free permutation.
permutation_sample,random_target_derangement_distribution,601,mean_rmsd,6.9332886255602295,,,angstrom,9875,20260718,1000,Accepted fixed-point-free permutation.
permutation_sample,random_target_derangement_distribution,602,mean_rmsd,6.913669652419754,,,angstrom,9875,20260718,1000,Accepted fixed-point-free permutation.
permutation_sample,random_target_derangement_distribution,603,mean_rmsd,6.9173771159015125,,,angstrom,9875,20260718,1000,Accepted fixed-point-free permutation.
permutation_sample,random_target_derangement_distribution,604,mean_rmsd,6.932296317728261,,,angstrom,9875,20260718,1000,Accepted fixed-point-free permutation.
permutation_sample,random_target_derangement_distribution,605,mean_rmsd,6.917071426524392,,,angstrom,9875,20260718,1000,Accepted fixed-point-free permutation.
permutation_sample,random_target_derangement_distribution,606,mean_rmsd,6.908003769633137,,,angstrom,9875,20260718,1000,Accepted fixed-point-free permutation.
permutation_sample,random_target_derangement_distribution,607,mean_rmsd,6.9457211662002765,,,angstrom,9875,20260718,1000,Accepted fixed-point-free permutation.
permutation_sample,random_target_derangement_distribution,608,mean_rmsd,6.95412281023098,,,angstrom,9875,20260718,1000,Accepted fixed-point-free permutation.
permutation_sample,random_target_derangement_distribution,609,mean_rmsd,6.930750182767458,,,angstrom,9875,20260718,1000,Accepted fixed-point-free permutation.
permutation_sample,random_target_derangement_distribution,610,mean_rmsd,6.933280281646343,,,angstrom,9875,20260718,1000,Accepted fixed-point-free permutation.
permutation_sample,random_target_derangement_distribution,611,mean_rmsd,6.945582104501845,,,angstrom,9875,20260718,1000,Accepted fixed-point-free permutation.
permutation_sample,random_target_derangement_distribution,612,mean_rmsd,6.942171849383584,,,angstrom,9875,20260718,1000,Accepted fixed-point-free permutation.
permutation_sample,random_target_derangement_distribution,613,mean_rmsd,6.896091403248945,,,angstrom,9875,20260718,1000,Accepted fixed-point-free permutation.
permutation_sample,random_target_derangement_distribution,614,mean_rmsd,6.947597359246846,,,angstrom,9875,20260718,1000,Accepted fixed-point-free permutation.
permutation_sample,random_target_derangement_distribution,615,mean_rmsd,6.89900692726087,,,angstrom,9875,20260718,1000,Accepted fixed-point-free permutation.
permutation_sample,random_target_derangement_distribution,616,mean_rmsd,6.925663185747364,,,angstrom,9875,20260718,1000,Accepted fixed-point-free permutation.
permutation_sample,random_target_derangement_distribution,617,mean_rmsd,6.903142617092858,,,angstrom,9875,20260718,1000,Accepted fixed-point-free permutation.
permutation_sample,random_target_derangement_distribution,618,mean_rmsd,6.915952307049233,,,angstrom,9875,20260718,1000,Accepted fixed-point-free permutation.
permutation_sample,random_target_derangement_distribution,619,mean_rmsd,6.8852545256433615,,,angstrom,9875,20260718,1000,Accepted fixed-point-free permutation.
permutation_sample,random_target_derangement_distribution,620,mean_rmsd,6.88983842549143,,,angstrom,9875,20260718,1000,Accepted fixed-point-free permutation.
permutation_sample,random_target_derangement_distribution,621,mean_rmsd,6.928942456607578,,,angstrom,9875,20260718,1000,Accepted fixed-point-free permutation.
permutation_sample,random_target_derangement_distribution,622,mean_rmsd,6.919736757809603,,,angstrom,9875,20260718,1000,Accepted fixed-point-free permutation.
permutation_sample,random_target_derangement_distribution,623,mean_rmsd,6.916114087611814,,,angstrom,9875,20260718,1000,Accepted fixed-point-free permutation.
permutation_sample,random_target_derangement_distribution,624,mean_rmsd,6.93536509236203,,,angstrom,9875,20260718,1000,Accepted fixed-point-free permutation.
permutation_sample,random_target_derangement_distribution,625,mean_rmsd,6.9385054063555565,,,angstrom,9875,20260718,1000,Accepted fixed-point-free permutation.
permutation_sample,random_target_derangement_distribution,626,mean_rmsd,6.907437308746049,,,angstrom,9875,20260718,1000,Accepted fixed-point-free permutation.
permutation_sample,random_target_derangement_distribution,627,mean_rmsd,6.9138211628636235,,,angstrom,9875,20260718,1000,Accepted fixed-point-free permutation.
permutation_sample,random_target_derangement_distribution,628,mean_rmsd,6.94045966032487,,,angstrom,9875,20260718,1000,Accepted fixed-point-free permutation.
permutation_sample,random_target_derangement_distribution,629,mean_rmsd,6.91172833627387,,,angstrom,9875,20260718,1000,Accepted fixed-point-free permutation.
permutation_sample,random_target_derangement_distribution,630,mean_rmsd,6.889448472324807,,,angstrom,9875,20260718,1000,Accepted fixed-point-free permutation.
permutation_sample,random_target_derangement_distribution,631,mean_rmsd,6.928806261436849,,,angstrom,9875,20260718,1000,Accepted fixed-point-free permutation.
permutation_sample,random_target_derangement_distribution,632,mean_rmsd,6.921509201267098,,,angstrom,9875,20260718,1000,Accepted fixed-point-free permutation.
permutation_sample,random_target_derangement_distribution,633,mean_rmsd,6.93136686805532,,,angstrom,9875,20260718,1000,Accepted fixed-point-free permutation.
permutation_sample,random_target_derangement_distribution,634,mean_rmsd,6.974467218169684,,,angstrom,9875,20260718,1000,Accepted fixed-point-free permutation.
permutation_sample,random_target_derangement_distribution,635,mean_rmsd,6.914006531172161,,,angstrom,9875,20260718,1000,Accepted fixed-point-free permutation.
permutation_sample,random_target_derangement_distribution,636,mean_rmsd,6.912178615473494,,,angstrom,9875,20260718,1000,Accepted fixed-point-free permutation.
permutation_sample,random_target_derangement_distribution,637,mean_rmsd,6.913769609728947,,,angstrom,9875,20260718,1000,Accepted fixed-point-free permutation.
permutation_sample,random_target_derangement_distribution,638,mean_rmsd,6.94805928714366,,,angstrom,9875,20260718,1000,Accepted fixed-point-free permutation.
permutation_sample,random_target_derangement_distribution,639,mean_rmsd,6.930601243972779,,,angstrom,9875,20260718,1000,Accepted fixed-point-free permutation.
permutation_sample,random_target_derangement_distribution,640,mean_rmsd,6.905095360200617,,,angstrom,9875,20260718,1000,Accepted fixed-point-free permutation.
permutation_sample,random_target_derangement_distribution,641,mean_rmsd,6.91349159599256,,,angstrom,9875,20260718,1000,Accepted fixed-point-free permutation.
permutation_sample,random_target_derangement_distribution,642,mean_rmsd,6.926405259108242,,,angstrom,9875,20260718,1000,Accepted fixed-point-free permutation.
permutation_sample,random_target_derangement_distribution,643,mean_rmsd,6.896404321441168,,,angstrom,9875,20260718,1000,Accepted fixed-point-free permutation.
permutation_sample,random_target_derangement_distribution,644,mean_rmsd,6.928987837682797,,,angstrom,9875,20260718,1000,Accepted fixed-point-free permutation.
permutation_sample,random_target_derangement_distribution,645,mean_rmsd,6.906363217196888,,,angstrom,9875,20260718,1000,Accepted fixed-point-free permutation.
permutation_sample,random_target_derangement_distribution,646,mean_rmsd,6.935714040683795,,,angstrom,9875,20260718,1000,Accepted fixed-point-free permutation.
permutation_sample,random_target_derangement_distribution,647,mean_rmsd,6.922388173175764,,,angstrom,9875,20260718,1000,Accepted fixed-point-free permutation.
permutation_sample,random_target_derangement_distribution,648,mean_rmsd,6.95993292664878,,,angstrom,9875,20260718,1000,Accepted fixed-point-free permutation.
permutation_sample,random_target_derangement_distribution,649,mean_rmsd,6.928427574230146,,,angstrom,9875,20260718,1000,Accepted fixed-point-free permutation.
permutation_sample,random_target_derangement_distribution,650,mean_rmsd,6.93687025720862,,,angstrom,9875,20260718,1000,Accepted fixed-point-free permutation.
permutation_sample,random_target_derangement_distribution,651,mean_rmsd,6.902104121763496,,,angstrom,9875,20260718,1000,Accepted fixed-point-free permutation.
permutation_sample,random_target_derangement_distribution,652,mean_rmsd,6.94817933474915,,,angstrom,9875,20260718,1000,Accepted fixed-point-free permutation.
permutation_sample,random_target_derangement_distribution,653,mean_rmsd,6.910025809263882,,,angstrom,9875,20260718,1000,Accepted fixed-point-free permutation.
permutation_sample,random_target_derangement_distribution,654,mean_rmsd,6.976790479973902,,,angstrom,9875,20260718,1000,Accepted fixed-point-free permutation.
permutation_sample,random_target_derangement_distribution,655,mean_rmsd,6.90899379706081,,,angstrom,9875,20260718,1000,Accepted fixed-point-free permutation.
permutation_sample,random_target_derangement_distribution,656,mean_rmsd,6.867248077175286,,,angstrom,9875,20260718,1000,Accepted fixed-point-free permutation.
permutation_sample,random_target_derangement_distribution,657,mean_rmsd,6.946769833999345,,,angstrom,9875,20260718,1000,Accepted fixed-point-free permutation.
permutation_sample,random_target_derangement_distribution,658,mean_rmsd,6.943712932067582,,,angstrom,9875,20260718,1000,Accepted fixed-point-free permutation.
permutation_sample,random_target_derangement_distribution,659,mean_rmsd,6.931802303495287,,,angstrom,9875,20260718,1000,Accepted fixed-point-free permutation.
permutation_sample,random_target_derangement_distribution,660,mean_rmsd,6.916897783991657,,,angstrom,9875,20260718,1000,Accepted fixed-point-free permutation.
permutation_sample,random_target_derangement_distribution,661,mean_rmsd,6.915386358442186,,,angstrom,9875,20260718,1000,Accepted fixed-point-free permutation.
permutation_sample,random_target_derangement_distribution,662,mean_rmsd,6.874968916434276,,,angstrom,9875,20260718,1000,Accepted fixed-point-free permutation.
permutation_sample,random_target_derangement_distribution,663,mean_rmsd,6.914974910977521,,,angstrom,9875,20260718,1000,Accepted fixed-point-free permutation.
permutation_sample,random_target_derangement_distribution,664,mean_rmsd,6.941640585923497,,,angstrom,9875,20260718,1000,Accepted fixed-point-free permutation.
permutation_sample,random_target_derangement_distribution,665,mean_rmsd,6.9181951788648774,,,angstrom,9875,20260718,1000,Accepted fixed-point-free permutation.
permutation_sample,random_target_derangement_distribution,666,mean_rmsd,6.911167370313331,,,angstrom,9875,20260718,1000,Accepted fixed-point-free permutation.
permutation_sample,random_target_derangement_distribution,667,mean_rmsd,6.933020929107183,,,angstrom,9875,20260718,1000,Accepted fixed-point-free permutation.
permutation_sample,random_target_derangement_distribution,668,mean_rmsd,6.922937267448329,,,angstrom,9875,20260718,1000,Accepted fixed-point-free permutation.
permutation_sample,random_target_derangement_distribution,669,mean_rmsd,6.92164451915403,,,angstrom,9875,20260718,1000,Accepted fixed-point-free permutation.
permutation_sample,random_target_derangement_distribution,670,mean_rmsd,6.940429240613044,,,angstrom,9875,20260718,1000,Accepted fixed-point-free permutation.
permutation_sample,random_target_derangement_distribution,671,mean_rmsd,6.900968932888176,,,angstrom,9875,20260718,1000,Accepted fixed-point-free permutation.
permutation_sample,random_target_derangement_distribution,672,mean_rmsd,6.915605831399749,,,angstrom,9875,20260718,1000,Accepted fixed-point-free permutation.
permutation_sample,random_target_derangement_distribution,673,mean_rmsd,6.913752915165093,,,angstrom,9875,20260718,1000,Accepted fixed-point-free permutation.
permutation_sample,random_target_derangement_distribution,674,mean_rmsd,6.907094335254235,,,angstrom,9875,20260718,1000,Accepted fixed-point-free permutation.
permutation_sample,random_target_derangement_distribution,675,mean_rmsd,6.931562322049202,,,angstrom,9875,20260718,1000,Accepted fixed-point-free permutation.
permutation_sample,random_target_derangement_distribution,676,mean_rmsd,6.904647079105619,,,angstrom,9875,20260718,1000,Accepted fixed-point-free permutation.
permutation_sample,random_target_derangement_distribution,677,mean_rmsd,6.926368849223174,,,angstrom,9875,20260718,1000,Accepted fixed-point-free permutation.
permutation_sample,random_target_derangement_distribution,678,mean_rmsd,6.897868164014213,,,angstrom,9875,20260718,1000,Accepted fixed-point-free permutation.
permutation_sample,random_target_derangement_distribution,679,mean_rmsd,6.929841692176047,,,angstrom,9875,20260718,1000,Accepted fixed-point-free permutation.
permutation_sample,random_target_derangement_distribution,680,mean_rmsd,6.918210072288031,,,angstrom,9875,20260718,1000,Accepted fixed-point-free permutation.
permutation_sample,random_target_derangement_distribution,681,mean_rmsd,6.901204342612738,,,angstrom,9875,20260718,1000,Accepted fixed-point-free permutation.
permutation_sample,random_target_derangement_distribution,682,mean_rmsd,6.914935599049436,,,angstrom,9875,20260718,1000,Accepted fixed-point-free permutation.
permutation_sample,random_target_derangement_distribution,683,mean_rmsd,6.930187412382682,,,angstrom,9875,20260718,1000,Accepted fixed-point-free permutation.
permutation_sample,random_target_derangement_distribution,684,mean_rmsd,6.922449648144879,,,angstrom,9875,20260718,1000,Accepted fixed-point-free permutation.
permutation_sample,random_target_derangement_distribution,685,mean_rmsd,6.8971481308635285,,,angstrom,9875,20260718,1000,Accepted fixed-point-free permutation.
permutation_sample,random_target_derangement_distribution,686,mean_rmsd,6.903763580129117,,,angstrom,9875,20260718,1000,Accepted fixed-point-free permutation.
permutation_sample,random_target_derangement_distribution,687,mean_rmsd,6.9017353698151025,,,angstrom,9875,20260718,1000,Accepted fixed-point-free permutation.
permutation_sample,random_target_derangement_distribution,688,mean_rmsd,6.9044559459807004,,,angstrom,9875,20260718,1000,Accepted fixed-point-free permutation.
permutation_sample,random_target_derangement_distribution,689,mean_rmsd,6.897803404132023,,,angstrom,9875,20260718,1000,Accepted fixed-point-free permutation.
permutation_sample,random_target_derangement_distribution,690,mean_rmsd,6.948380919866924,,,angstrom,9875,20260718,1000,Accepted fixed-point-free permutation.
permutation_sample,random_target_derangement_distribution,691,mean_rmsd,6.907465866547597,,,angstrom,9875,20260718,1000,Accepted fixed-point-free permutation.
permutation_sample,random_target_derangement_distribution,692,mean_rmsd,6.925082929128333,,,angstrom,9875,20260718,1000,Accepted fixed-point-free permutation.
permutation_sample,random_target_derangement_distribution,693,mean_rmsd,6.897439864231062,,,angstrom,9875,20260718,1000,Accepted fixed-point-free permutation.
permutation_sample,random_target_derangement_distribution,694,mean_rmsd,6.922752763096291,,,angstrom,9875,20260718,1000,Accepted fixed-point-free permutation.
permutation_sample,random_target_derangement_distribution,695,mean_rmsd,6.929835212562658,,,angstrom,9875,20260718,1000,Accepted fixed-point-free permutation.
permutation_sample,random_target_derangement_distribution,696,mean_rmsd,6.916005967128126,,,angstrom,9875,20260718,1000,Accepted fixed-point-free permutation.
permutation_sample,random_target_derangement_distribution,697,mean_rmsd,6.893582575146157,,,angstrom,9875,20260718,1000,Accepted fixed-point-free permutation.
permutation_sample,random_target_derangement_distribution,698,mean_rmsd,6.93102770481834,,,angstrom,9875,20260718,1000,Accepted fixed-point-free permutation.
permutation_sample,random_target_derangement_distribution,699,mean_rmsd,6.94595011534872,,,angstrom,9875,20260718,1000,Accepted fixed-point-free permutation.
permutation_sample,random_target_derangement_distribution,700,mean_rmsd,6.932994448396224,,,angstrom,9875,20260718,1000,Accepted fixed-point-free permutation.
permutation_sample,random_target_derangement_distribution,701,mean_rmsd,6.89065430315235,,,angstrom,9875,20260718,1000,Accepted fixed-point-free permutation.
permutation_sample,random_target_derangement_distribution,702,mean_rmsd,6.9072224866529055,,,angstrom,9875,20260718,1000,Accepted fixed-point-free permutation.
permutation_sample,random_target_derangement_distribution,703,mean_rmsd,6.911446909059452,,,angstrom,9875,20260718,1000,Accepted fixed-point-free permutation.
permutation_sample,random_target_derangement_distribution,704,mean_rmsd,6.906488859695725,,,angstrom,9875,20260718,1000,Accepted fixed-point-free permutation.
permutation_sample,random_target_derangement_distribution,705,mean_rmsd,6.913679199423972,,,angstrom,9875,20260718,1000,Accepted fixed-point-free permutation.
permutation_sample,random_target_derangement_distribution,706,mean_rmsd,6.876022659398333,,,angstrom,9875,20260718,1000,Accepted fixed-point-free permutation.
permutation_sample,random_target_derangement_distribution,707,mean_rmsd,6.924411995356596,,,angstrom,9875,20260718,1000,Accepted fixed-point-free permutation.
permutation_sample,random_target_derangement_distribution,708,mean_rmsd,6.8924583640279655,,,angstrom,9875,20260718,1000,Accepted fixed-point-free permutation.
permutation_sample,random_target_derangement_distribution,709,mean_rmsd,6.949646102953561,,,angstrom,9875,20260718,1000,Accepted fixed-point-free permutation.
permutation_sample,random_target_derangement_distribution,710,mean_rmsd,6.892551355096359,,,angstrom,9875,20260718,1000,Accepted fixed-point-free permutation.
permutation_sample,random_target_derangement_distribution,711,mean_rmsd,6.932318504647364,,,angstrom,9875,20260718,1000,Accepted fixed-point-free permutation.
permutation_sample,random_target_derangement_distribution,712,mean_rmsd,6.9075730024048045,,,angstrom,9875,20260718,1000,Accepted fixed-point-free permutation.
permutation_sample,random_target_derangement_distribution,713,mean_rmsd,6.916151244103155,,,angstrom,9875,20260718,1000,Accepted fixed-point-free permutation.
permutation_sample,random_target_derangement_distribution,714,mean_rmsd,6.9164485512383385,,,angstrom,9875,20260718,1000,Accepted fixed-point-free permutation.
permutation_sample,random_target_derangement_distribution,715,mean_rmsd,6.925440864116331,,,angstrom,9875,20260718,1000,Accepted fixed-point-free permutation.
permutation_sample,random_target_derangement_distribution,716,mean_rmsd,6.912517317832271,,,angstrom,9875,20260718,1000,Accepted fixed-point-free permutation.
permutation_sample,random_target_derangement_distribution,717,mean_rmsd,6.931328498079807,,,angstrom,9875,20260718,1000,Accepted fixed-point-free permutation.
permutation_sample,random_target_derangement_distribution,718,mean_rmsd,6.944345481027531,,,angstrom,9875,20260718,1000,Accepted fixed-point-free permutation.
permutation_sample,random_target_derangement_distribution,719,mean_rmsd,6.918979548840584,,,angstrom,9875,20260718,1000,Accepted fixed-point-free permutation.
permutation_sample,random_target_derangement_distribution,720,mean_rmsd,6.916915645442432,,,angstrom,9875,20260718,1000,Accepted fixed-point-free permutation.
permutation_sample,random_target_derangement_distribution,721,mean_rmsd,6.897778988657119,,,angstrom,9875,20260718,1000,Accepted fixed-point-free permutation.
permutation_sample,random_target_derangement_distribution,722,mean_rmsd,6.933646021915388,,,angstrom,9875,20260718,1000,Accepted fixed-point-free permutation.
permutation_sample,random_target_derangement_distribution,723,mean_rmsd,6.8930021244604385,,,angstrom,9875,20260718,1000,Accepted fixed-point-free permutation.
permutation_sample,random_target_derangement_distribution,724,mean_rmsd,6.913590249508243,,,angstrom,9875,20260718,1000,Accepted fixed-point-free permutation.
permutation_sample,random_target_derangement_distribution,725,mean_rmsd,6.907000559927543,,,angstrom,9875,20260718,1000,Accepted fixed-point-free permutation.
permutation_sample,random_target_derangement_distribution,726,mean_rmsd,6.936266101040418,,,angstrom,9875,20260718,1000,Accepted fixed-point-free permutation.
permutation_sample,random_target_derangement_distribution,727,mean_rmsd,6.893329388558111,,,angstrom,9875,20260718,1000,Accepted fixed-point-free permutation.
permutation_sample,random_target_derangement_distribution,728,mean_rmsd,6.918756060177767,,,angstrom,9875,20260718,1000,Accepted fixed-point-free permutation.
permutation_sample,random_target_derangement_distribution,729,mean_rmsd,6.921489556215987,,,angstrom,9875,20260718,1000,Accepted fixed-point-free permutation.
permutation_sample,random_target_derangement_distribution,730,mean_rmsd,6.935100832033761,,,angstrom,9875,20260718,1000,Accepted fixed-point-free permutation.
permutation_sample,random_target_derangement_distribution,731,mean_rmsd,6.9067840434207195,,,angstrom,9875,20260718,1000,Accepted fixed-point-free permutation.
permutation_sample,random_target_derangement_distribution,732,mean_rmsd,6.935282556425167,,,angstrom,9875,20260718,1000,Accepted fixed-point-free permutation.
permutation_sample,random_target_derangement_distribution,733,mean_rmsd,6.885563343530969,,,angstrom,9875,20260718,1000,Accepted fixed-point-free permutation.
permutation_sample,random_target_derangement_distribution,734,mean_rmsd,6.927936534809161,,,angstrom,9875,20260718,1000,Accepted fixed-point-free permutation.
permutation_sample,random_target_derangement_distribution,735,mean_rmsd,6.917185301792773,,,angstrom,9875,20260718,1000,Accepted fixed-point-free permutation.
permutation_sample,random_target_derangement_distribution,736,mean_rmsd,6.924268953311293,,,angstrom,9875,20260718,1000,Accepted fixed-point-free permutation.
permutation_sample,random_target_derangement_distribution,737,mean_rmsd,6.91587976035589,,,angstrom,9875,20260718,1000,Accepted fixed-point-free permutation.
permutation_sample,random_target_derangement_distribution,738,mean_rmsd,6.894658478036712,,,angstrom,9875,20260718,1000,Accepted fixed-point-free permutation.
permutation_sample,random_target_derangement_distribution,739,mean_rmsd,6.951611832667001,,,angstrom,9875,20260718,1000,Accepted fixed-point-free permutation.
permutation_sample,random_target_derangement_distribution,740,mean_rmsd,6.913151234868207,,,angstrom,9875,20260718,1000,Accepted fixed-point-free permutation.
permutation_sample,random_target_derangement_distribution,741,mean_rmsd,6.939905589683147,,,angstrom,9875,20260718,1000,Accepted fixed-point-free permutation.
permutation_sample,random_target_derangement_distribution,742,mean_rmsd,6.9179955632052845,,,angstrom,9875,20260718,1000,Accepted fixed-point-free permutation.
permutation_sample,random_target_derangement_distribution,743,mean_rmsd,6.934614738222919,,,angstrom,9875,20260718,1000,Accepted fixed-point-free permutation.
permutation_sample,random_target_derangement_distribution,744,mean_rmsd,6.910963453546356,,,angstrom,9875,20260718,1000,Accepted fixed-point-free permutation.
permutation_sample,random_target_derangement_distribution,745,mean_rmsd,6.876134791337991,,,angstrom,9875,20260718,1000,Accepted fixed-point-free permutation.
permutation_sample,random_target_derangement_distribution,746,mean_rmsd,6.9122815145299406,,,angstrom,9875,20260718,1000,Accepted fixed-point-free permutation.
permutation_sample,random_target_derangement_distribution,747,mean_rmsd,6.939464695145813,,,angstrom,9875,20260718,1000,Accepted fixed-point-free permutation.
permutation_sample,random_target_derangement_distribution,748,mean_rmsd,6.901847908249385,,,angstrom,9875,20260718,1000,Accepted fixed-point-free permutation.
permutation_sample,random_target_derangement_distribution,749,mean_rmsd,6.919066815014127,,,angstrom,9875,20260718,1000,Accepted fixed-point-free permutation.
permutation_sample,random_target_derangement_distribution,750,mean_rmsd,6.952599271858795,,,angstrom,9875,20260718,1000,Accepted fixed-point-free permutation.
permutation_sample,random_target_derangement_distribution,751,mean_rmsd,6.941336565053916,,,angstrom,9875,20260718,1000,Accepted fixed-point-free permutation.
permutation_sample,random_target_derangement_distribution,752,mean_rmsd,6.905785777961152,,,angstrom,9875,20260718,1000,Accepted fixed-point-free permutation.
permutation_sample,random_target_derangement_distribution,753,mean_rmsd,6.917721181398706,,,angstrom,9875,20260718,1000,Accepted fixed-point-free permutation.
permutation_sample,random_target_derangement_distribution,754,mean_rmsd,6.905392029098318,,,angstrom,9875,20260718,1000,Accepted fixed-point-free permutation.
permutation_sample,random_target_derangement_distribution,755,mean_rmsd,6.920864737655544,,,angstrom,9875,20260718,1000,Accepted fixed-point-free permutation.
permutation_sample,random_target_derangement_distribution,756,mean_rmsd,6.910538197819191,,,angstrom,9875,20260718,1000,Accepted fixed-point-free permutation.
permutation_sample,random_target_derangement_distribution,757,mean_rmsd,6.943132174057297,,,angstrom,9875,20260718,1000,Accepted fixed-point-free permutation.
permutation_sample,random_target_derangement_distribution,758,mean_rmsd,6.9254980974438825,,,angstrom,9875,20260718,1000,Accepted fixed-point-free permutation.
permutation_sample,random_target_derangement_distribution,759,mean_rmsd,6.916008623449109,,,angstrom,9875,20260718,1000,Accepted fixed-point-free permutation.
permutation_sample,random_target_derangement_distribution,760,mean_rmsd,6.905085140010979,,,angstrom,9875,20260718,1000,Accepted fixed-point-free permutation.
permutation_sample,random_target_derangement_distribution,761,mean_rmsd,6.9345869630499735,,,angstrom,9875,20260718,1000,Accepted fixed-point-free permutation.
permutation_sample,random_target_derangement_distribution,762,mean_rmsd,6.918218431738359,,,angstrom,9875,20260718,1000,Accepted fixed-point-free permutation.
permutation_sample,random_target_derangement_distribution,763,mean_rmsd,6.921784780526464,,,angstrom,9875,20260718,1000,Accepted fixed-point-free permutation.
permutation_sample,random_target_derangement_distribution,764,mean_rmsd,6.926978376690346,,,angstrom,9875,20260718,1000,Accepted fixed-point-free permutation.
permutation_sample,random_target_derangement_distribution,765,mean_rmsd,6.926255408818209,,,angstrom,9875,20260718,1000,Accepted fixed-point-free permutation.
permutation_sample,random_target_derangement_distribution,766,mean_rmsd,6.911249894818174,,,angstrom,9875,20260718,1000,Accepted fixed-point-free permutation.
permutation_sample,random_target_derangement_distribution,767,mean_rmsd,6.910502542326722,,,angstrom,9875,20260718,1000,Accepted fixed-point-free permutation.
permutation_sample,random_target_derangement_distribution,768,mean_rmsd,6.903756013508085,,,angstrom,9875,20260718,1000,Accepted fixed-point-free permutation.
permutation_sample,random_target_derangement_distribution,769,mean_rmsd,6.908121288939368,,,angstrom,9875,20260718,1000,Accepted fixed-point-free permutation.
permutation_sample,random_target_derangement_distribution,770,mean_rmsd,6.908098416111137,,,angstrom,9875,20260718,1000,Accepted fixed-point-free permutation.
permutation_sample,random_target_derangement_distribution,771,mean_rmsd,6.941785897930966,,,angstrom,9875,20260718,1000,Accepted fixed-point-free permutation.
permutation_sample,random_target_derangement_distribution,772,mean_rmsd,6.9232965486019475,,,angstrom,9875,20260718,1000,Accepted fixed-point-free permutation.
permutation_sample,random_target_derangement_distribution,773,mean_rmsd,6.936567102009738,,,angstrom,9875,20260718,1000,Accepted fixed-point-free permutation.
permutation_sample,random_target_derangement_distribution,774,mean_rmsd,6.91076951584635,,,angstrom,9875,20260718,1000,Accepted fixed-point-free permutation.
permutation_sample,random_target_derangement_distribution,775,mean_rmsd,6.91115005261385,,,angstrom,9875,20260718,1000,Accepted fixed-point-free permutation.
permutation_sample,random_target_derangement_distribution,776,mean_rmsd,6.901452408718158,,,angstrom,9875,20260718,1000,Accepted fixed-point-free permutation.
permutation_sample,random_target_derangement_distribution,777,mean_rmsd,6.888120515594,,,angstrom,9875,20260718,1000,Accepted fixed-point-free permutation.
permutation_sample,random_target_derangement_distribution,778,mean_rmsd,6.9216528745844395,,,angstrom,9875,20260718,1000,Accepted fixed-point-free permutation.
permutation_sample,random_target_derangement_distribution,779,mean_rmsd,6.918292220357099,,,angstrom,9875,20260718,1000,Accepted fixed-point-free permutation.
permutation_sample,random_target_derangement_distribution,780,mean_rmsd,6.931549642695657,,,angstrom,9875,20260718,1000,Accepted fixed-point-free permutation.
permutation_sample,random_target_derangement_distribution,781,mean_rmsd,6.939153369975996,,,angstrom,9875,20260718,1000,Accepted fixed-point-free permutation.
permutation_sample,random_target_derangement_distribution,782,mean_rmsd,6.925342329013197,,,angstrom,9875,20260718,1000,Accepted fixed-point-free permutation.
permutation_sample,random_target_derangement_distribution,783,mean_rmsd,6.944751100165935,,,angstrom,9875,20260718,1000,Accepted fixed-point-free permutation.
permutation_sample,random_target_derangement_distribution,784,mean_rmsd,6.90562295184558,,,angstrom,9875,20260718,1000,Accepted fixed-point-free permutation.
permutation_sample,random_target_derangement_distribution,785,mean_rmsd,6.905841611524172,,,angstrom,9875,20260718,1000,Accepted fixed-point-free permutation.
permutation_sample,random_target_derangement_distribution,786,mean_rmsd,6.888136691612534,,,angstrom,9875,20260718,1000,Accepted fixed-point-free permutation.
permutation_sample,random_target_derangement_distribution,787,mean_rmsd,6.929533336892913,,,angstrom,9875,20260718,1000,Accepted fixed-point-free permutation.
permutation_sample,random_target_derangement_distribution,788,mean_rmsd,6.9040115978989425,,,angstrom,9875,20260718,1000,Accepted fixed-point-free permutation.
permutation_sample,random_target_derangement_distribution,789,mean_rmsd,6.914567421925219,,,angstrom,9875,20260718,1000,Accepted fixed-point-free permutation.
permutation_sample,random_target_derangement_distribution,790,mean_rmsd,6.930057299094864,,,angstrom,9875,20260718,1000,Accepted fixed-point-free permutation.
permutation_sample,random_target_derangement_distribution,791,mean_rmsd,6.934387698004517,,,angstrom,9875,20260718,1000,Accepted fixed-point-free permutation.
permutation_sample,random_target_derangement_distribution,792,mean_rmsd,6.906445647263829,,,angstrom,9875,20260718,1000,Accepted fixed-point-free permutation.
permutation_sample,random_target_derangement_distribution,793,mean_rmsd,6.8906271885739105,,,angstrom,9875,20260718,1000,Accepted fixed-point-free permutation.
permutation_sample,random_target_derangement_distribution,794,mean_rmsd,6.9211509343038635,,,angstrom,9875,20260718,1000,Accepted fixed-point-free permutation.
permutation_sample,random_target_derangement_distribution,795,mean_rmsd,6.891778862397882,,,angstrom,9875,20260718,1000,Accepted fixed-point-free permutation.
permutation_sample,random_target_derangement_distribution,796,mean_rmsd,6.913849554013603,,,angstrom,9875,20260718,1000,Accepted fixed-point-free permutation.
permutation_sample,random_target_derangement_distribution,797,mean_rmsd,6.942507569868353,,,angstrom,9875,20260718,1000,Accepted fixed-point-free permutation.
permutation_sample,random_target_derangement_distribution,798,mean_rmsd,6.9575407019144375,,,angstrom,9875,20260718,1000,Accepted fixed-point-free permutation.
permutation_sample,random_target_derangement_distribution,799,mean_rmsd,6.926561637926706,,,angstrom,9875,20260718,1000,Accepted fixed-point-free permutation.
permutation_sample,random_target_derangement_distribution,800,mean_rmsd,6.940571762857558,,,angstrom,9875,20260718,1000,Accepted fixed-point-free permutation.
permutation_sample,random_target_derangement_distribution,801,mean_rmsd,6.912201085078566,,,angstrom,9875,20260718,1000,Accepted fixed-point-free permutation.
permutation_sample,random_target_derangement_distribution,802,mean_rmsd,6.9044601726411265,,,angstrom,9875,20260718,1000,Accepted fixed-point-free permutation.
permutation_sample,random_target_derangement_distribution,803,mean_rmsd,6.917312888085088,,,angstrom,9875,20260718,1000,Accepted fixed-point-free permutation.
permutation_sample,random_target_derangement_distribution,804,mean_rmsd,6.896526097708111,,,angstrom,9875,20260718,1000,Accepted fixed-point-free permutation.
permutation_sample,random_target_derangement_distribution,805,mean_rmsd,6.875870107143741,,,angstrom,9875,20260718,1000,Accepted fixed-point-free permutation.
permutation_sample,random_target_derangement_distribution,806,mean_rmsd,6.942196957696843,,,angstrom,9875,20260718,1000,Accepted fixed-point-free permutation.
permutation_sample,random_target_derangement_distribution,807,mean_rmsd,6.893224879023395,,,angstrom,9875,20260718,1000,Accepted fixed-point-free permutation.
permutation_sample,random_target_derangement_distribution,808,mean_rmsd,6.9170017876443985,,,angstrom,9875,20260718,1000,Accepted fixed-point-free permutation.
permutation_sample,random_target_derangement_distribution,809,mean_rmsd,6.916021303430389,,,angstrom,9875,20260718,1000,Accepted fixed-point-free permutation.
permutation_sample,random_target_derangement_distribution,810,mean_rmsd,6.905606370865544,,,angstrom,9875,20260718,1000,Accepted fixed-point-free permutation.
permutation_sample,random_target_derangement_distribution,811,mean_rmsd,6.913727493563785,,,angstrom,9875,20260718,1000,Accepted fixed-point-free permutation.
permutation_sample,random_target_derangement_distribution,812,mean_rmsd,6.888025823882864,,,angstrom,9875,20260718,1000,Accepted fixed-point-free permutation.
permutation_sample,random_target_derangement_distribution,813,mean_rmsd,6.960500665966469,,,angstrom,9875,20260718,1000,Accepted fixed-point-free permutation.
permutation_sample,random_target_derangement_distribution,814,mean_rmsd,6.915206081221376,,,angstrom,9875,20260718,1000,Accepted fixed-point-free permutation.
permutation_sample,random_target_derangement_distribution,815,mean_rmsd,6.894716733123683,,,angstrom,9875,20260718,1000,Accepted fixed-point-free permutation.
permutation_sample,random_target_derangement_distribution,816,mean_rmsd,6.906243595304369,,,angstrom,9875,20260718,1000,Accepted fixed-point-free permutation.
permutation_sample,random_target_derangement_distribution,817,mean_rmsd,6.87564198589325,,,angstrom,9875,20260718,1000,Accepted fixed-point-free permutation.
permutation_sample,random_target_derangement_distribution,818,mean_rmsd,6.927732294299935,,,angstrom,9875,20260718,1000,Accepted fixed-point-free permutation.
permutation_sample,random_target_derangement_distribution,819,mean_rmsd,6.905121471755113,,,angstrom,9875,20260718,1000,Accepted fixed-point-free permutation.
permutation_sample,random_target_derangement_distribution,820,mean_rmsd,6.908628973743584,,,angstrom,9875,20260718,1000,Accepted fixed-point-free permutation.
permutation_sample,random_target_derangement_distribution,821,mean_rmsd,6.92476697624786,,,angstrom,9875,20260718,1000,Accepted fixed-point-free permutation.
permutation_sample,random_target_derangement_distribution,822,mean_rmsd,6.928149248799191,,,angstrom,9875,20260718,1000,Accepted fixed-point-free permutation.
permutation_sample,random_target_derangement_distribution,823,mean_rmsd,6.922805054966408,,,angstrom,9875,20260718,1000,Accepted fixed-point-free permutation.
permutation_sample,random_target_derangement_distribution,824,mean_rmsd,6.926344693932353,,,angstrom,9875,20260718,1000,Accepted fixed-point-free permutation.
permutation_sample,random_target_derangement_distribution,825,mean_rmsd,6.93950678987141,,,angstrom,9875,20260718,1000,Accepted fixed-point-free permutation.
permutation_sample,random_target_derangement_distribution,826,mean_rmsd,6.915255399281466,,,angstrom,9875,20260718,1000,Accepted fixed-point-free permutation.
permutation_sample,random_target_derangement_distribution,827,mean_rmsd,6.903834710072868,,,angstrom,9875,20260718,1000,Accepted fixed-point-free permutation.
permutation_sample,random_target_derangement_distribution,828,mean_rmsd,6.920047696524029,,,angstrom,9875,20260718,1000,Accepted fixed-point-free permutation.
permutation_sample,random_target_derangement_distribution,829,mean_rmsd,6.890978197230569,,,angstrom,9875,20260718,1000,Accepted fixed-point-free permutation.
permutation_sample,random_target_derangement_distribution,830,mean_rmsd,6.917582334747798,,,angstrom,9875,20260718,1000,Accepted fixed-point-free permutation.
permutation_sample,random_target_derangement_distribution,831,mean_rmsd,6.88849278091479,,,angstrom,9875,20260718,1000,Accepted fixed-point-free permutation.
permutation_sample,random_target_derangement_distribution,832,mean_rmsd,6.933787385107596,,,angstrom,9875,20260718,1000,Accepted fixed-point-free permutation.
permutation_sample,random_target_derangement_distribution,833,mean_rmsd,6.9277824300935,,,angstrom,9875,20260718,1000,Accepted fixed-point-free permutation.
permutation_sample,random_target_derangement_distribution,834,mean_rmsd,6.912176799701739,,,angstrom,9875,20260718,1000,Accepted fixed-point-free permutation.
permutation_sample,random_target_derangement_distribution,835,mean_rmsd,6.936702341888525,,,angstrom,9875,20260718,1000,Accepted fixed-point-free permutation.
permutation_sample,random_target_derangement_distribution,836,mean_rmsd,6.916512946297852,,,angstrom,9875,20260718,1000,Accepted fixed-point-free permutation.
permutation_sample,random_target_derangement_distribution,837,mean_rmsd,6.938503879257396,,,angstrom,9875,20260718,1000,Accepted fixed-point-free permutation.
permutation_sample,random_target_derangement_distribution,838,mean_rmsd,6.892323215786416,,,angstrom,9875,20260718,1000,Accepted fixed-point-free permutation.
permutation_sample,random_target_derangement_distribution,839,mean_rmsd,6.91538835071612,,,angstrom,9875,20260718,1000,Accepted fixed-point-free permutation.
permutation_sample,random_target_derangement_distribution,840,mean_rmsd,6.950268771485438,,,angstrom,9875,20260718,1000,Accepted fixed-point-free permutation.
permutation_sample,random_target_derangement_distribution,841,mean_rmsd,6.9141188846902,,,angstrom,9875,20260718,1000,Accepted fixed-point-free permutation.
permutation_sample,random_target_derangement_distribution,842,mean_rmsd,6.950596584138991,,,angstrom,9875,20260718,1000,Accepted fixed-point-free permutation.
permutation_sample,random_target_derangement_distribution,843,mean_rmsd,6.943418748759017,,,angstrom,9875,20260718,1000,Accepted fixed-point-free permutation.
permutation_sample,random_target_derangement_distribution,844,mean_rmsd,6.899178309464757,,,angstrom,9875,20260718,1000,Accepted fixed-point-free permutation.
permutation_sample,random_target_derangement_distribution,845,mean_rmsd,6.922163001398498,,,angstrom,9875,20260718,1000,Accepted fixed-point-free permutation.
permutation_sample,random_target_derangement_distribution,846,mean_rmsd,6.884778981498526,,,angstrom,9875,20260718,1000,Accepted fixed-point-free permutation.
permutation_sample,random_target_derangement_distribution,847,mean_rmsd,6.882546521669702,,,angstrom,9875,20260718,1000,Accepted fixed-point-free permutation.
permutation_sample,random_target_derangement_distribution,848,mean_rmsd,6.935236711900446,,,angstrom,9875,20260718,1000,Accepted fixed-point-free permutation.
permutation_sample,random_target_derangement_distribution,849,mean_rmsd,6.921856447654434,,,angstrom,9875,20260718,1000,Accepted fixed-point-free permutation.
permutation_sample,random_target_derangement_distribution,850,mean_rmsd,6.902723375851595,,,angstrom,9875,20260718,1000,Accepted fixed-point-free permutation.
permutation_sample,random_target_derangement_distribution,851,mean_rmsd,6.939207921692088,,,angstrom,9875,20260718,1000,Accepted fixed-point-free permutation.
permutation_sample,random_target_derangement_distribution,852,mean_rmsd,6.944521969795227,,,angstrom,9875,20260718,1000,Accepted fixed-point-free permutation.
permutation_sample,random_target_derangement_distribution,853,mean_rmsd,6.934395938716357,,,angstrom,9875,20260718,1000,Accepted fixed-point-free permutation.
permutation_sample,random_target_derangement_distribution,854,mean_rmsd,6.9089250383618515,,,angstrom,9875,20260718,1000,Accepted fixed-point-free permutation.
permutation_sample,random_target_derangement_distribution,855,mean_rmsd,6.8992351147132585,,,angstrom,9875,20260718,1000,Accepted fixed-point-free permutation.
permutation_sample,random_target_derangement_distribution,856,mean_rmsd,6.89862146103533,,,angstrom,9875,20260718,1000,Accepted fixed-point-free permutation.
permutation_sample,random_target_derangement_distribution,857,mean_rmsd,6.911951108304761,,,angstrom,9875,20260718,1000,Accepted fixed-point-free permutation.
permutation_sample,random_target_derangement_distribution,858,mean_rmsd,6.900253814492045,,,angstrom,9875,20260718,1000,Accepted fixed-point-free permutation.
permutation_sample,random_target_derangement_distribution,859,mean_rmsd,6.935888395550885,,,angstrom,9875,20260718,1000,Accepted fixed-point-free permutation.
permutation_sample,random_target_derangement_distribution,860,mean_rmsd,6.921324719127221,,,angstrom,9875,20260718,1000,Accepted fixed-point-free permutation.
permutation_sample,random_target_derangement_distribution,861,mean_rmsd,6.915748075690451,,,angstrom,9875,20260718,1000,Accepted fixed-point-free permutation.
permutation_sample,random_target_derangement_distribution,862,mean_rmsd,6.923186493294149,,,angstrom,9875,20260718,1000,Accepted fixed-point-free permutation.
permutation_sample,random_target_derangement_distribution,863,mean_rmsd,6.946325215158583,,,angstrom,9875,20260718,1000,Accepted fixed-point-free permutation.
permutation_sample,random_target_derangement_distribution,864,mean_rmsd,6.924679394721985,,,angstrom,9875,20260718,1000,Accepted fixed-point-free permutation.
permutation_sample,random_target_derangement_distribution,865,mean_rmsd,6.938073416166668,,,angstrom,9875,20260718,1000,Accepted fixed-point-free permutation.
permutation_sample,random_target_derangement_distribution,866,mean_rmsd,6.884314006117326,,,angstrom,9875,20260718,1000,Accepted fixed-point-free permutation.
permutation_sample,random_target_derangement_distribution,867,mean_rmsd,6.916913938111898,,,angstrom,9875,20260718,1000,Accepted fixed-point-free permutation.
permutation_sample,random_target_derangement_distribution,868,mean_rmsd,6.931849883731408,,,angstrom,9875,20260718,1000,Accepted fixed-point-free permutation.
permutation_sample,random_target_derangement_distribution,869,mean_rmsd,6.9379783748433566,,,angstrom,9875,20260718,1000,Accepted fixed-point-free permutation.
permutation_sample,random_target_derangement_distribution,870,mean_rmsd,6.929560883606537,,,angstrom,9875,20260718,1000,Accepted fixed-point-free permutation.
permutation_sample,random_target_derangement_distribution,871,mean_rmsd,6.927273183424262,,,angstrom,9875,20260718,1000,Accepted fixed-point-free permutation.
permutation_sample,random_target_derangement_distribution,872,mean_rmsd,6.92536107462871,,,angstrom,9875,20260718,1000,Accepted fixed-point-free permutation.
permutation_sample,random_target_derangement_distribution,873,mean_rmsd,6.9076148913298985,,,angstrom,9875,20260718,1000,Accepted fixed-point-free permutation.
permutation_sample,random_target_derangement_distribution,874,mean_rmsd,6.928826492478576,,,angstrom,9875,20260718,1000,Accepted fixed-point-free permutation.
permutation_sample,random_target_derangement_distribution,875,mean_rmsd,6.905000233215622,,,angstrom,9875,20260718,1000,Accepted fixed-point-free permutation.
permutation_sample,random_target_derangement_distribution,876,mean_rmsd,6.923882067632072,,,angstrom,9875,20260718,1000,Accepted fixed-point-free permutation.
permutation_sample,random_target_derangement_distribution,877,mean_rmsd,6.90383836403376,,,angstrom,9875,20260718,1000,Accepted fixed-point-free permutation.
permutation_sample,random_target_derangement_distribution,878,mean_rmsd,6.91069363857221,,,angstrom,9875,20260718,1000,Accepted fixed-point-free permutation.
permutation_sample,random_target_derangement_distribution,879,mean_rmsd,6.940325465455841,,,angstrom,9875,20260718,1000,Accepted fixed-point-free permutation.
permutation_sample,random_target_derangement_distribution,880,mean_rmsd,6.930084441390219,,,angstrom,9875,20260718,1000,Accepted fixed-point-free permutation.
permutation_sample,random_target_derangement_distribution,881,mean_rmsd,6.915529956745196,,,angstrom,9875,20260718,1000,Accepted fixed-point-free permutation.
permutation_sample,random_target_derangement_distribution,882,mean_rmsd,6.911921929443939,,,angstrom,9875,20260718,1000,Accepted fixed-point-free permutation.
permutation_sample,random_target_derangement_distribution,883,mean_rmsd,6.93533560008037,,,angstrom,9875,20260718,1000,Accepted fixed-point-free permutation.
permutation_sample,random_target_derangement_distribution,884,mean_rmsd,6.90068032142784,,,angstrom,9875,20260718,1000,Accepted fixed-point-free permutation.
permutation_sample,random_target_derangement_distribution,885,mean_rmsd,6.928693256016019,,,angstrom,9875,20260718,1000,Accepted fixed-point-free permutation.
permutation_sample,random_target_derangement_distribution,886,mean_rmsd,6.915948082042647,,,angstrom,9875,20260718,1000,Accepted fixed-point-free permutation.
permutation_sample,random_target_derangement_distribution,887,mean_rmsd,6.9317192588637155,,,angstrom,9875,20260718,1000,Accepted fixed-point-free permutation.
permutation_sample,random_target_derangement_distribution,888,mean_rmsd,6.9076937457700325,,,angstrom,9875,20260718,1000,Accepted fixed-point-free permutation.
permutation_sample,random_target_derangement_distribution,889,mean_rmsd,6.913375474362434,,,angstrom,9875,20260718,1000,Accepted fixed-point-free permutation.
permutation_sample,random_target_derangement_distribution,890,mean_rmsd,6.92903215274328,,,angstrom,9875,20260718,1000,Accepted fixed-point-free permutation.
permutation_sample,random_target_derangement_distribution,891,mean_rmsd,6.915209327504605,,,angstrom,9875,20260718,1000,Accepted fixed-point-free permutation.
permutation_sample,random_target_derangement_distribution,892,mean_rmsd,6.926139346134814,,,angstrom,9875,20260718,1000,Accepted fixed-point-free permutation.
permutation_sample,random_target_derangement_distribution,893,mean_rmsd,6.926160864588581,,,angstrom,9875,20260718,1000,Accepted fixed-point-free permutation.
permutation_sample,random_target_derangement_distribution,894,mean_rmsd,6.901873849518692,,,angstrom,9875,20260718,1000,Accepted fixed-point-free permutation.
permutation_sample,random_target_derangement_distribution,895,mean_rmsd,6.93293725641468,,,angstrom,9875,20260718,1000,Accepted fixed-point-free permutation.
permutation_sample,random_target_derangement_distribution,896,mean_rmsd,6.937878486053854,,,angstrom,9875,20260718,1000,Accepted fixed-point-free permutation.
permutation_sample,random_target_derangement_distribution,897,mean_rmsd,6.8956129430939885,,,angstrom,9875,20260718,1000,Accepted fixed-point-free permutation.
permutation_sample,random_target_derangement_distribution,898,mean_rmsd,6.921177497936201,,,angstrom,9875,20260718,1000,Accepted fixed-point-free permutation.
permutation_sample,random_target_derangement_distribution,899,mean_rmsd,6.929900286167483,,,angstrom,9875,20260718,1000,Accepted fixed-point-free permutation.
permutation_sample,random_target_derangement_distribution,900,mean_rmsd,6.916676176674759,,,angstrom,9875,20260718,1000,Accepted fixed-point-free permutation.
permutation_sample,random_target_derangement_distribution,901,mean_rmsd,6.888099115263058,,,angstrom,9875,20260718,1000,Accepted fixed-point-free permutation.
permutation_sample,random_target_derangement_distribution,902,mean_rmsd,6.923747541439685,,,angstrom,9875,20260718,1000,Accepted fixed-point-free permutation.
permutation_sample,random_target_derangement_distribution,903,mean_rmsd,6.903025515218324,,,angstrom,9875,20260718,1000,Accepted fixed-point-free permutation.
permutation_sample,random_target_derangement_distribution,904,mean_rmsd,6.889014229086381,,,angstrom,9875,20260718,1000,Accepted fixed-point-free permutation.
permutation_sample,random_target_derangement_distribution,905,mean_rmsd,6.941817919344842,,,angstrom,9875,20260718,1000,Accepted fixed-point-free permutation.
permutation_sample,random_target_derangement_distribution,906,mean_rmsd,6.905554055986525,,,angstrom,9875,20260718,1000,Accepted fixed-point-free permutation.
permutation_sample,random_target_derangement_distribution,907,mean_rmsd,6.910019245534004,,,angstrom,9875,20260718,1000,Accepted fixed-point-free permutation.
permutation_sample,random_target_derangement_distribution,908,mean_rmsd,6.912103150947185,,,angstrom,9875,20260718,1000,Accepted fixed-point-free permutation.
permutation_sample,random_target_derangement_distribution,909,mean_rmsd,6.954579360346251,,,angstrom,9875,20260718,1000,Accepted fixed-point-free permutation.
permutation_sample,random_target_derangement_distribution,910,mean_rmsd,6.929851135362553,,,angstrom,9875,20260718,1000,Accepted fixed-point-free permutation.
permutation_sample,random_target_derangement_distribution,911,mean_rmsd,6.895030087990097,,,angstrom,9875,20260718,1000,Accepted fixed-point-free permutation.
permutation_sample,random_target_derangement_distribution,912,mean_rmsd,6.911047961633417,,,angstrom,9875,20260718,1000,Accepted fixed-point-free permutation.
permutation_sample,random_target_derangement_distribution,913,mean_rmsd,6.889596957544738,,,angstrom,9875,20260718,1000,Accepted fixed-point-free permutation.
permutation_sample,random_target_derangement_distribution,914,mean_rmsd,6.91617638299435,,,angstrom,9875,20260718,1000,Accepted fixed-point-free permutation.
permutation_sample,random_target_derangement_distribution,915,mean_rmsd,6.903229992118063,,,angstrom,9875,20260718,1000,Accepted fixed-point-free permutation.
permutation_sample,random_target_derangement_distribution,916,mean_rmsd,6.921405227455912,,,angstrom,9875,20260718,1000,Accepted fixed-point-free permutation.
permutation_sample,random_target_derangement_distribution,917,mean_rmsd,6.920584888711761,,,angstrom,9875,20260718,1000,Accepted fixed-point-free permutation.
permutation_sample,random_target_derangement_distribution,918,mean_rmsd,6.938079088766364,,,angstrom,9875,20260718,1000,Accepted fixed-point-free permutation.
permutation_sample,random_target_derangement_distribution,919,mean_rmsd,6.962321183289154,,,angstrom,9875,20260718,1000,Accepted fixed-point-free permutation.
permutation_sample,random_target_derangement_distribution,920,mean_rmsd,6.920061847360829,,,angstrom,9875,20260718,1000,Accepted fixed-point-free permutation.
permutation_sample,random_target_derangement_distribution,921,mean_rmsd,6.901261080355584,,,angstrom,9875,20260718,1000,Accepted fixed-point-free permutation.
permutation_sample,random_target_derangement_distribution,922,mean_rmsd,6.928611804394783,,,angstrom,9875,20260718,1000,Accepted fixed-point-free permutation.
permutation_sample,random_target_derangement_distribution,923,mean_rmsd,6.92216003168082,,,angstrom,9875,20260718,1000,Accepted fixed-point-free permutation.
permutation_sample,random_target_derangement_distribution,924,mean_rmsd,6.899820655798611,,,angstrom,9875,20260718,1000,Accepted fixed-point-free permutation.
permutation_sample,random_target_derangement_distribution,925,mean_rmsd,6.936443102703819,,,angstrom,9875,20260718,1000,Accepted fixed-point-free permutation.
permutation_sample,random_target_derangement_distribution,926,mean_rmsd,6.925630806560759,,,angstrom,9875,20260718,1000,Accepted fixed-point-free permutation.
permutation_sample,random_target_derangement_distribution,927,mean_rmsd,6.909563519369199,,,angstrom,9875,20260718,1000,Accepted fixed-point-free permutation.
permutation_sample,random_target_derangement_distribution,928,mean_rmsd,6.903994878334336,,,angstrom,9875,20260718,1000,Accepted fixed-point-free permutation.
permutation_sample,random_target_derangement_distribution,929,mean_rmsd,6.888936813764935,,,angstrom,9875,20260718,1000,Accepted fixed-point-free permutation.
permutation_sample,random_target_derangement_distribution,930,mean_rmsd,6.900979998986933,,,angstrom,9875,20260718,1000,Accepted fixed-point-free permutation.
permutation_sample,random_target_derangement_distribution,931,mean_rmsd,6.896387123518353,,,angstrom,9875,20260718,1000,Accepted fixed-point-free permutation.
permutation_sample,random_target_derangement_distribution,932,mean_rmsd,6.929643100122862,,,angstrom,9875,20260718,1000,Accepted fixed-point-free permutation.
permutation_sample,random_target_derangement_distribution,933,mean_rmsd,6.9151478613962105,,,angstrom,9875,20260718,1000,Accepted fixed-point-free permutation.
permutation_sample,random_target_derangement_distribution,934,mean_rmsd,6.913792750418941,,,angstrom,9875,20260718,1000,Accepted fixed-point-free permutation.
permutation_sample,random_target_derangement_distribution,935,mean_rmsd,6.909626556493059,,,angstrom,9875,20260718,1000,Accepted fixed-point-free permutation.
permutation_sample,random_target_derangement_distribution,936,mean_rmsd,6.932539083384261,,,angstrom,9875,20260718,1000,Accepted fixed-point-free permutation.
permutation_sample,random_target_derangement_distribution,937,mean_rmsd,6.929385599015634,,,angstrom,9875,20260718,1000,Accepted fixed-point-free permutation.
permutation_sample,random_target_derangement_distribution,938,mean_rmsd,6.9114148191138165,,,angstrom,9875,20260718,1000,Accepted fixed-point-free permutation.
permutation_sample,random_target_derangement_distribution,939,mean_rmsd,6.9079202722477016,,,angstrom,9875,20260718,1000,Accepted fixed-point-free permutation.
permutation_sample,random_target_derangement_distribution,940,mean_rmsd,6.926957570522647,,,angstrom,9875,20260718,1000,Accepted fixed-point-free permutation.
permutation_sample,random_target_derangement_distribution,941,mean_rmsd,6.899677769105646,,,angstrom,9875,20260718,1000,Accepted fixed-point-free permutation.
permutation_sample,random_target_derangement_distribution,942,mean_rmsd,6.906290135576755,,,angstrom,9875,20260718,1000,Accepted fixed-point-free permutation.
permutation_sample,random_target_derangement_distribution,943,mean_rmsd,6.894098340505287,,,angstrom,9875,20260718,1000,Accepted fixed-point-free permutation.
permutation_sample,random_target_derangement_distribution,944,mean_rmsd,6.937552571864068,,,angstrom,9875,20260718,1000,Accepted fixed-point-free permutation.
permutation_sample,random_target_derangement_distribution,945,mean_rmsd,6.941470755263221,,,angstrom,9875,20260718,1000,Accepted fixed-point-free permutation.
permutation_sample,random_target_derangement_distribution,946,mean_rmsd,6.903915969160539,,,angstrom,9875,20260718,1000,Accepted fixed-point-free permutation.
permutation_sample,random_target_derangement_distribution,947,mean_rmsd,6.917611048058619,,,angstrom,9875,20260718,1000,Accepted fixed-point-free permutation.
permutation_sample,random_target_derangement_distribution,948,mean_rmsd,6.924499444297598,,,angstrom,9875,20260718,1000,Accepted fixed-point-free permutation.
permutation_sample,random_target_derangement_distribution,949,mean_rmsd,6.936704637346389,,,angstrom,9875,20260718,1000,Accepted fixed-point-free permutation.
permutation_sample,random_target_derangement_distribution,950,mean_rmsd,6.913031208050402,,,angstrom,9875,20260718,1000,Accepted fixed-point-free permutation.
permutation_sample,random_target_derangement_distribution,951,mean_rmsd,6.929519364864012,,,angstrom,9875,20260718,1000,Accepted fixed-point-free permutation.
permutation_sample,random_target_derangement_distribution,952,mean_rmsd,6.905890846662884,,,angstrom,9875,20260718,1000,Accepted fixed-point-free permutation.
permutation_sample,random_target_derangement_distribution,953,mean_rmsd,6.879905736766284,,,angstrom,9875,20260718,1000,Accepted fixed-point-free permutation.
permutation_sample,random_target_derangement_distribution,954,mean_rmsd,6.924581571385831,,,angstrom,9875,20260718,1000,Accepted fixed-point-free permutation.
permutation_sample,random_target_derangement_distribution,955,mean_rmsd,6.934372821832006,,,angstrom,9875,20260718,1000,Accepted fixed-point-free permutation.
permutation_sample,random_target_derangement_distribution,956,mean_rmsd,6.917182214966304,,,angstrom,9875,20260718,1000,Accepted fixed-point-free permutation.
permutation_sample,random_target_derangement_distribution,957,mean_rmsd,6.930923524204689,,,angstrom,9875,20260718,1000,Accepted fixed-point-free permutation.
permutation_sample,random_target_derangement_distribution,958,mean_rmsd,6.896281517342676,,,angstrom,9875,20260718,1000,Accepted fixed-point-free permutation.
permutation_sample,random_target_derangement_distribution,959,mean_rmsd,6.8982847440454025,,,angstrom,9875,20260718,1000,Accepted fixed-point-free permutation.
permutation_sample,random_target_derangement_distribution,960,mean_rmsd,6.908591621966302,,,angstrom,9875,20260718,1000,Accepted fixed-point-free permutation.
permutation_sample,random_target_derangement_distribution,961,mean_rmsd,6.944112845119042,,,angstrom,9875,20260718,1000,Accepted fixed-point-free permutation.
permutation_sample,random_target_derangement_distribution,962,mean_rmsd,6.897718467072596,,,angstrom,9875,20260718,1000,Accepted fixed-point-free permutation.
permutation_sample,random_target_derangement_distribution,963,mean_rmsd,6.941568321759188,,,angstrom,9875,20260718,1000,Accepted fixed-point-free permutation.
permutation_sample,random_target_derangement_distribution,964,mean_rmsd,6.92550283465808,,,angstrom,9875,20260718,1000,Accepted fixed-point-free permutation.
permutation_sample,random_target_derangement_distribution,965,mean_rmsd,6.893950484637973,,,angstrom,9875,20260718,1000,Accepted fixed-point-free permutation.
permutation_sample,random_target_derangement_distribution,966,mean_rmsd,6.955924247053606,,,angstrom,9875,20260718,1000,Accepted fixed-point-free permutation.
permutation_sample,random_target_derangement_distribution,967,mean_rmsd,6.896927576077136,,,angstrom,9875,20260718,1000,Accepted fixed-point-free permutation.
permutation_sample,random_target_derangement_distribution,968,mean_rmsd,6.91780292818818,,,angstrom,9875,20260718,1000,Accepted fixed-point-free permutation.
permutation_sample,random_target_derangement_distribution,969,mean_rmsd,6.918636604743668,,,angstrom,9875,20260718,1000,Accepted fixed-point-free permutation.
permutation_sample,random_target_derangement_distribution,970,mean_rmsd,6.920475400852252,,,angstrom,9875,20260718,1000,Accepted fixed-point-free permutation.
permutation_sample,random_target_derangement_distribution,971,mean_rmsd,6.914288904516003,,,angstrom,9875,20260718,1000,Accepted fixed-point-free permutation.
permutation_sample,random_target_derangement_distribution,972,mean_rmsd,6.907020408956311,,,angstrom,9875,20260718,1000,Accepted fixed-point-free permutation.
permutation_sample,random_target_derangement_distribution,973,mean_rmsd,6.910572525664222,,,angstrom,9875,20260718,1000,Accepted fixed-point-free permutation.
permutation_sample,random_target_derangement_distribution,974,mean_rmsd,6.902463597816757,,,angstrom,9875,20260718,1000,Accepted fixed-point-free permutation.
permutation_sample,random_target_derangement_distribution,975,mean_rmsd,6.939773116715347,,,angstrom,9875,20260718,1000,Accepted fixed-point-free permutation.
permutation_sample,random_target_derangement_distribution,976,mean_rmsd,6.9078046731465985,,,angstrom,9875,20260718,1000,Accepted fixed-point-free permutation.
permutation_sample,random_target_derangement_distribution,977,mean_rmsd,6.928140805159943,,,angstrom,9875,20260718,1000,Accepted fixed-point-free permutation.
permutation_sample,random_target_derangement_distribution,978,mean_rmsd,6.906043841603436,,,angstrom,9875,20260718,1000,Accepted fixed-point-free permutation.
permutation_sample,random_target_derangement_distribution,979,mean_rmsd,6.8955614574166795,,,angstrom,9875,20260718,1000,Accepted fixed-point-free permutation.
permutation_sample,random_target_derangement_distribution,980,mean_rmsd,6.925196296776398,,,angstrom,9875,20260718,1000,Accepted fixed-point-free permutation.
permutation_sample,random_target_derangement_distribution,981,mean_rmsd,6.891977618700341,,,angstrom,9875,20260718,1000,Accepted fixed-point-free permutation.
permutation_sample,random_target_derangement_distribution,982,mean_rmsd,6.914212392179272,,,angstrom,9875,20260718,1000,Accepted fixed-point-free permutation.
permutation_sample,random_target_derangement_distribution,983,mean_rmsd,6.915317366177523,,,angstrom,9875,20260718,1000,Accepted fixed-point-free permutation.
permutation_sample,random_target_derangement_distribution,984,mean_rmsd,6.911229036717476,,,angstrom,9875,20260718,1000,Accepted fixed-point-free permutation.
permutation_sample,random_target_derangement_distribution,985,mean_rmsd,6.92835583246207,,,angstrom,9875,20260718,1000,Accepted fixed-point-free permutation.
permutation_sample,random_target_derangement_distribution,986,mean_rmsd,6.901087733630893,,,angstrom,9875,20260718,1000,Accepted fixed-point-free permutation.
permutation_sample,random_target_derangement_distribution,987,mean_rmsd,6.919069224200672,,,angstrom,9875,20260718,1000,Accepted fixed-point-free permutation.
permutation_sample,random_target_derangement_distribution,988,mean_rmsd,6.898270282045196,,,angstrom,9875,20260718,1000,Accepted fixed-point-free permutation.
permutation_sample,random_target_derangement_distribution,989,mean_rmsd,6.919674592416498,,,angstrom,9875,20260718,1000,Accepted fixed-point-free permutation.
permutation_sample,random_target_derangement_distribution,990,mean_rmsd,6.941125459381297,,,angstrom,9875,20260718,1000,Accepted fixed-point-free permutation.
permutation_sample,random_target_derangement_distribution,991,mean_rmsd,6.934712875921515,,,angstrom,9875,20260718,1000,Accepted fixed-point-free permutation.
permutation_sample,random_target_derangement_distribution,992,mean_rmsd,6.91174698572521,,,angstrom,9875,20260718,1000,Accepted fixed-point-free permutation.
permutation_sample,random_target_derangement_distribution,993,mean_rmsd,6.922549744400797,,,angstrom,9875,20260718,1000,Accepted fixed-point-free permutation.
permutation_sample,random_target_derangement_distribution,994,mean_rmsd,6.934933107883116,,,angstrom,9875,20260718,1000,Accepted fixed-point-free permutation.
permutation_sample,random_target_derangement_distribution,995,mean_rmsd,6.926380987710591,,,angstrom,9875,20260718,1000,Accepted fixed-point-free permutation.
permutation_sample,random_target_derangement_distribution,996,mean_rmsd,6.920745999722541,,,angstrom,9875,20260718,1000,Accepted fixed-point-free permutation.
permutation_sample,random_target_derangement_distribution,997,mean_rmsd,6.965693843660476,,,angstrom,9875,20260718,1000,Accepted fixed-point-free permutation.
permutation_sample,random_target_derangement_distribution,998,mean_rmsd,6.923301710321934,,,angstrom,9875,20260718,1000,Accepted fixed-point-free permutation.
permutation_sample,random_target_derangement_distribution,999,mean_rmsd,6.904273876769634,,,angstrom,9875,20260718,1000,Accepted fixed-point-free permutation.
permutation_sample,random_target_derangement_distribution,1000,mean_rmsd,6.921419394408601,,,angstrom,9875,20260718,1000,Accepted fixed-point-free permutation.
